38.9859174900,-76.9445814900,38.9859293500,-76.9445740600,1.0
38.9859293500,-76.9445740600,38.9858843700,-76.9445742100,1.0
38.9858843700,-76.9445742100,38.9859700500,-76.9445828300,1.0
38.9859700500,-76.9445828300,38.9860521800,-76.9446093300,1.0
38.9860521800,-76.9446093300,38.9861431500,-76.9446543600,1.0
38.9861431500,-76.9446543600,38.9862703100,-76.9446708600,1.0
38.9862703100,-76.9446708600,38.9863868100,-76.9446732300,1.0
38.9863868100,-76.9446732300,38.9864787100,-76.9447626100,1.0
38.9864787100,-76.9447626100,38.9865927300,-76.9448130400,1.0
38.9865927300,-76.9448130400,38.9866843400,-76.9449077500,1.0
38.9866843400,-76.9449077500,38.9867460800,-76.9450159500,1.0
38.9867460800,-76.9450159500,38.9868366800,-76.9450693100,1.0
38.9868366800,-76.9450693100,38.9869419400,-76.9451164700,1.0
38.9869419400,-76.9451164700,38.9870705900,-76.9451686000,1.0
38.9870705900,-76.9451686000,38.9871784200,-76.9452321000,1.0
38.9871784200,-76.9452321000,38.9872389300,-76.9453457500,1.0
38.9872389300,-76.9453457500,38.9872608700,-76.9454809200,1.0
38.9872608700,-76.9454809200,38.9872599200,-76.9456458000,1.0
38.9872599200,-76.9456458000,38.9872259100,-76.9457910600,1.0
38.9872259100,-76.9457910600,38.9871800700,-76.9459261200,1.0
38.9871800700,-76.9459261200,38.9871195700,-76.9460544300,1.0
38.9871195700,-76.9460544300,38.9870582800,-76.9461864300,1.0
38.9870582800,-76.9461864300,38.9869917400,-76.9463053000,1.0
38.9869917400,-76.9463053000,38.9869111500,-76.9464174100,1.0
38.9869111500,-76.9464174100,38.9868196600,-76.9465228500,1.0
38.9868196600,-76.9465228500,38.9868626700,-76.9464687400,1.0
38.9868626700,-76.9464687400,38.9869374300,-76.9464021100,1.0
38.9869374300,-76.9464021100,38.9870116100,-76.9463003700,1.0
38.9870116100,-76.9463003700,38.9871059600,-76.9462313200,1.0
38.9871059600,-76.9462313200,38.9871109500,-76.9461641100,1.0
38.9871109500,-76.9461641100,38.9870956800,-76.9461524800,1.0
38.9870956800,-76.9461524800,38.9870895400,-76.9461592400,1.0
38.9870895400,-76.9461592400,38.9870722400,-76.9460804100,1.0
38.9870722400,-76.9460804100,38.9870149000,-76.9460239400,1.0
38.9870149000,-76.9460239400,38.9869582500,-76.9459697700,1.0
38.9869582500,-76.9459697700,38.9868705700,-76.9459297300,1.0
38.9868705700,-76.9459297300,38.9867829100,-76.9459039900,1.0
38.9867829100,-76.9459039900,38.9866795800,-76.9458649700,1.0
38.9866795800,-76.9458649700,38.9865940900,-76.9458678000,1.0
38.9865940900,-76.9458678000,38.9865040300,-76.9458422800,1.0
38.9865040300,-76.9458422800,38.9863898000,-76.9458428600,1.0
38.9863898000,-76.9458428600,38.9862842800,-76.9458878000,1.0
38.9862842800,-76.9458878000,38.9861749800,-76.9458830300,1.0
38.9861749800,-76.9458830300,38.9860667100,-76.9458781100,1.0
38.9860667100,-76.9458781100,38.9859640400,-76.9458729800,1.0
38.9859640400,-76.9458729800,38.9858729900,-76.9457995400,1.0
38.9858729900,-76.9457995400,38.9857924100,-76.9457248400,1.0
38.9857924100,-76.9457248400,38.9856943000,-76.9456776100,1.0
38.9856943000,-76.9456776100,38.9855857800,-76.9456298200,1.0
38.9855857800,-76.9456298200,38.9855050800,-76.9455328900,1.0
38.9855050800,-76.9455328900,38.9854220500,-76.9454183900,1.0
38.9854220500,-76.9454183900,38.9853552400,-76.9453096300,1.0
38.9853552400,-76.9453096300,38.9852690300,-76.9452947500,1.0
38.9852690300,-76.9452947500,38.9851692000,-76.9452990600,1.0
38.9851692000,-76.9452990600,38.9850787000,-76.9452834100,1.0
38.9850787000,-76.9452834100,38.9849801300,-76.9452492100,1.0
38.9849801300,-76.9452492100,38.9848678200,-76.9452190800,1.0
38.9848678200,-76.9452190800,38.9847730200,-76.9452023700,1.0
38.9847730200,-76.9452023700,38.9846685300,-76.9451769100,1.0
38.9846685300,-76.9451769100,38.9845441500,-76.9451987700,1.0
38.9845441500,-76.9451987700,38.9844412800,-76.9452008900,1.0
38.9844412800,-76.9452008900,38.9843412400,-76.9451698200,1.0
38.9843412400,-76.9451698200,38.9842679100,-76.9452566800,1.0
38.9842679100,-76.9452566800,38.9841775700,-76.9453034700,1.0
38.9841775700,-76.9453034700,38.9840623200,-76.9452634200,1.0
38.9840623200,-76.9452634200,38.9839665900,-76.9452588600,1.0
38.9839665900,-76.9452588600,38.9838862800,-76.9453158600,1.0
38.9838862800,-76.9453158600,38.9838163500,-76.9453973000,1.0
38.9838163500,-76.9453973000,38.9837424600,-76.9454560800,1.0
38.9837424600,-76.9454560800,38.9836418900,-76.9454622000,1.0
38.9836418900,-76.9454622000,38.9836304500,-76.9455328900,1.0
38.9836304500,-76.9455328900,38.9836484400,-76.9456124600,1.0
38.9836484400,-76.9456124600,38.9836460900,-76.9456245200,1.0
38.9836460900,-76.9456245200,38.9836098900,-76.9456313300,1.0
38.9836098900,-76.9456313300,38.9835929300,-76.9457604400,1.0
38.9835929300,-76.9457604400,38.9835835100,-76.9458879500,1.0
38.9835835100,-76.9458879500,38.9836065800,-76.9460086200,1.0
38.9836065800,-76.9460086200,38.9836182200,-76.9461632800,1.0
38.9836182200,-76.9461632800,38.9836451800,-76.9463242300,1.0
38.9836451800,-76.9463242300,38.9837017600,-76.9464005700,1.0
38.9837017600,-76.9464005700,38.9837916800,-76.9465022200,1.0
38.9837916800,-76.9465022200,38.9838712800,-76.9466308900,1.0
38.9838712800,-76.9466308900,38.9839700200,-76.9466776800,1.0
38.9839700200,-76.9466776800,38.9840764200,-76.9467022100,1.0
38.9840764200,-76.9467022100,38.9841674700,-76.9467359700,1.0
38.9841674700,-76.9467359700,38.9842668900,-76.9467948100,1.0
38.9842668900,-76.9467948100,38.9843703400,-76.9468426500,1.0
38.9843703400,-76.9468426500,38.9844772700,-76.9468580900,1.0
38.9844772700,-76.9468580900,38.9845797500,-76.9468931200,1.0
38.9845797500,-76.9468931200,38.9846613700,-76.9469004300,1.0
38.9846613700,-76.9469004300,38.9847365600,-76.9469157000,1.0
38.9847365600,-76.9469157000,38.9848002100,-76.9469022400,1.0
38.9848002100,-76.9469022400,38.9848485200,-76.9469055700,1.0
38.9848485200,-76.9469055700,38.9849260300,-76.9469397300,1.0
38.9849260300,-76.9469397300,38.9849519200,-76.9469829500,1.0
38.9849519200,-76.9469829500,38.9848690500,-76.9469135400,1.0
38.9848690500,-76.9469135400,38.9847775100,-76.9469145200,1.0
38.9847775100,-76.9469145200,38.9846933100,-76.9469125300,1.0
38.9846933100,-76.9469125300,38.9846276700,-76.9469097200,1.0
38.9846276700,-76.9469097200,38.9846264400,-76.9468963300,1.0
38.9846264400,-76.9468963300,38.9846270400,-76.9468993500,1.0
38.9846270400,-76.9468993500,38.9846269500,-76.9468992600,1.0
38.9846269500,-76.9468992600,38.9846267800,-76.9468992400,1.0
38.9846267800,-76.9468992400,38.9846267200,-76.9468990700,1.0
38.9846267200,-76.9468990700,38.9845615700,-76.9468807200,1.0
38.9845615700,-76.9468807200,38.9846081600,-76.9469319800,1.0
38.9853311300,-76.9436390400,38.9853310600,-76.9436395200,1.0
38.9853310600,-76.9436395200,38.9853305300,-76.9436421500,1.0
38.9853305300,-76.9436421500,38.9853224300,-76.9435267700,1.0
38.9853224300,-76.9435267700,38.9853049800,-76.9433588800,1.0
38.9853049800,-76.9433588800,38.9853107700,-76.9432609500,1.0
38.9853107700,-76.9432609500,38.9853266900,-76.9431583200,1.0
38.9853266900,-76.9431583200,38.9854050700,-76.9430774500,1.0
38.9854050700,-76.9430774500,38.9854466100,-76.9430009000,1.0
38.9854466100,-76.9430009000,38.9854408600,-76.9429920800,1.0
38.9854408600,-76.9429920800,38.9854703000,-76.9429753800,1.0
38.9854703000,-76.9429753800,38.9855098300,-76.9429429200,1.0
38.9855098300,-76.9429429200,38.9854969900,-76.9428958800,1.0
38.9854969900,-76.9428958800,38.9854948600,-76.9428938400,1.0
38.9854948600,-76.9428938400,38.9854750300,-76.9427802800,1.0
38.9854750300,-76.9427802800,38.9854660800,-76.9426441900,1.0
38.9854660800,-76.9426441900,38.9854805300,-76.9424914600,1.0
38.9854805300,-76.9424914600,38.9854763100,-76.9423632500,1.0
38.9854763100,-76.9423632500,38.9854619800,-76.9422409100,1.0
38.9854619800,-76.9422409100,38.9854864700,-76.9422748900,1.0
38.9854864700,-76.9422748900,38.9855033600,-76.9423281100,1.0
38.9855033600,-76.9423281100,38.9854794500,-76.9424773900,1.0
38.9854794500,-76.9424773900,38.9854685900,-76.9426279700,1.0
38.9854685900,-76.9426279700,38.9854686000,-76.9427691000,1.0
38.9854686000,-76.9427691000,38.9854717200,-76.9428984400,1.0
38.9854717200,-76.9428984400,38.9854612100,-76.9430120700,1.0
38.9854612100,-76.9430120700,38.9854676900,-76.9431460000,1.0
38.9854676900,-76.9431460000,38.9854751400,-76.9432765600,1.0
38.9854751400,-76.9432765600,38.9854620200,-76.9434116800,1.0
38.9854620200,-76.9434116800,38.9853770600,-76.9434969400,1.0
38.9853770600,-76.9434969400,38.9853005700,-76.9435976300,1.0
38.9853005700,-76.9435976300,38.9852010300,-76.9436376600,1.0
38.9852010300,-76.9436376600,38.9850791700,-76.9436274800,1.0
38.9850791700,-76.9436274800,38.9849733700,-76.9436394200,1.0
38.9849733700,-76.9436394200,38.9849050100,-76.9436707700,1.0
38.9849050100,-76.9436707700,38.9847909900,-76.9436842100,1.0
38.9847909900,-76.9436842100,38.9846923300,-76.9436258500,1.0
38.9846923300,-76.9436258500,38.9846497100,-76.9435177700,1.0
38.9846497100,-76.9435177700,38.9846215500,-76.9433871200,1.0
38.9846215500,-76.9433871200,38.9845290400,-76.9433488200,1.0
38.9845290400,-76.9433488200,38.9845006400,-76.9433247200,1.0
38.9845006400,-76.9433247200,38.9844223000,-76.9433255400,1.0
38.9844223000,-76.9433255400,38.9844239800,-76.9433495200,1.0
38.9844239800,-76.9433495200,38.9844246500,-76.9433495900,1.0
38.9844246500,-76.9433495900,38.9844239500,-76.9433491900,1.0
38.9844239500,-76.9433491900,38.9844219700,-76.9433496300,1.0
38.9844219700,-76.9433496300,38.9843949600,-76.9433333900,1.0
38.9843949600,-76.9433333900,38.9843677500,-76.9432268600,1.0
38.9843677500,-76.9432268600,38.9843638800,-76.9430873300,1.0
38.9843638800,-76.9430873300,38.9843505500,-76.9429626400,1.0
38.9843505500,-76.9429626400,38.9843346900,-76.9428374100,1.0
38.9843346900,-76.9428374100,38.9842738800,-76.9427500100,1.0
38.9842738800,-76.9427500100,38.9842024400,-76.9426500300,1.0
38.9842024400,-76.9426500300,38.9841035300,-76.9425919700,1.0
38.9841035300,-76.9425919700,38.9839982800,-76.9426199900,1.0
38.9839982800,-76.9426199900,38.9838850900,-76.9426055800,1.0
38.9838850900,-76.9426055800,38.9837843400,-76.9426056300,1.0
38.9837843400,-76.9426056300,38.9836963700,-76.9425413100,1.0
38.9836963700,-76.9425413100,38.9835864500,-76.9424770600,1.0
38.9835864500,-76.9424770600,38.9834976600,-76.9423720200,1.0
38.9834976600,-76.9423720200,38.9834832100,-76.9422120800,1.0
38.9834832100,-76.9422120800,38.9834748300,-76.9420817600,1.0
38.9834748300,-76.9420817600,38.9834682300,-76.9419794300,1.0
38.9834682300,-76.9419794300,38.9834372800,-76.9418638700,1.0
38.9834372800,-76.9418638700,38.9834954700,-76.9418642000,1.0
38.9834954700,-76.9418642000,38.9835071100,-76.9418672400,1.0
38.9835071100,-76.9418672400,38.9835089800,-76.9418675600,1.0
38.9835089800,-76.9418675600,38.9835160200,-76.9418951600,1.0
38.9835160200,-76.9418951600,38.9834802400,-76.9420164600,1.0
38.9834802400,-76.9420164600,38.9834660600,-76.9421038300,1.0
38.9834660600,-76.9421038300,38.9835139400,-76.9422394700,1.0
38.9835139400,-76.9422394700,38.9835217800,-76.9423728700,1.0
38.9835217800,-76.9423728700,38.9834781200,-76.9424888800,1.0
38.9834781200,-76.9424888800,38.9834552400,-76.9426111100,1.0
38.9834552400,-76.9426111100,38.9834333400,-76.9426782500,1.0
38.9834333400,-76.9426782500,38.9834525400,-76.9425771800,1.0
38.9834525400,-76.9425771800,38.9834779300,-76.9424611800,1.0
38.9834779300,-76.9424611800,38.9835772000,-76.9423999600,1.0
38.9835772000,-76.9423999600,38.9836940000,-76.9423397100,1.0
38.9836940000,-76.9423397100,38.9837645500,-76.9422471100,1.0
38.9837645500,-76.9422471100,38.9838333700,-76.9421693100,1.0
38.9838333700,-76.9421693100,38.9838408100,-76.9421715000,1.0
38.9838408100,-76.9421715000,38.9839050100,-76.9420972400,1.0
38.9839050100,-76.9420972400,38.9840004900,-76.9420072900,1.0
38.9840004900,-76.9420072900,38.9840617600,-76.9419251400,1.0
38.9840617600,-76.9419251400,38.9841260300,-76.9418418600,1.0
38.9841260300,-76.9418418600,38.9841399500,-76.9417232000,1.0
38.9841399500,-76.9417232000,38.9842167500,-76.9416482500,1.0
38.9842167500,-76.9416482500,38.9842817800,-76.9415583100,1.0
38.9842817800,-76.9415583100,38.9843580700,-76.9414684600,1.0
38.9843580700,-76.9414684600,38.9843518100,-76.9413138400,1.0
38.9843518100,-76.9413138400,38.9843513300,-76.9412685200,1.0
38.9843513300,-76.9412685200,38.9844260400,-76.9412753500,1.0
38.9844260400,-76.9412753500,38.9845382500,-76.9412970200,1.0
38.9845382500,-76.9412970200,38.9846145100,-76.9414101300,1.0
38.9846145100,-76.9414101300,38.9846447600,-76.9415268100,1.0
38.9846447600,-76.9415268100,38.9846477300,-76.9416460500,1.0
38.9846477300,-76.9416460500,38.9846564500,-76.9417737600,1.0
38.9846564500,-76.9417737600,38.9846392900,-76.9418268000,1.0
38.9846392900,-76.9418268000,38.9846420400,-76.9417318100,1.0
38.9846420400,-76.9417318100,38.9846334700,-76.9416242100,1.0
38.9846334700,-76.9416242100,38.9846940300,-76.9415273200,1.0
38.9846940300,-76.9415273200,38.9847717200,-76.9414459000,1.0
38.9847717200,-76.9414459000,38.9848316700,-76.9414196800,1.0
38.9848316700,-76.9414196800,38.9849215700,-76.9414767900,1.0
38.9849215700,-76.9414767900,38.9850017100,-76.9414449800,1.0
38.9850017100,-76.9414449800,38.9851358300,-76.9414606000,1.0
38.9851358300,-76.9414606000,38.9852748300,-76.9414750700,1.0
38.9852748300,-76.9414750700,38.9853404700,-76.9415970600,1.0
38.9853404700,-76.9415970600,38.9853899800,-76.9416942300,1.0
38.9853899800,-76.9416942300,38.9853904200,-76.9418202600,1.0
38.9853904200,-76.9418202600,38.9853647500,-76.9419465600,1.0
38.9853647500,-76.9419465600,38.9853529700,-76.9420753300,1.0
38.9853529700,-76.9420753300,38.9853057500,-76.9421757800,1.0
38.9853057500,-76.9421757800,38.9852589600,-76.9422955800,1.0
38.9852589600,-76.9422955800,38.9852399000,-76.9423993600,1.0
38.9852399000,-76.9423993600,38.9852363700,-76.9425259600,1.0
38.9852363700,-76.9425259600,38.9852494700,-76.9426400100,1.0
38.9852494700,-76.9426400100,38.9852819300,-76.9427349900,1.0
38.9852819300,-76.9427349900,38.9852459900,-76.9429049600,1.0
38.9852459900,-76.9429049600,38.9852144800,-76.9429978200,1.0
38.9852144800,-76.9429978200,38.9853146600,-76.9433178000,1.0
38.9853146600,-76.9433178000,38.9853452200,-76.9433749300,1.0
38.9853452200,-76.9433749300,38.9853247500,-76.9434174300,1.0
38.9853247500,-76.9434174300,38.9853118000,-76.9435168000,1.0
38.9853118000,-76.9435168000,38.9852565700,-76.9435827800,1.0
38.9852565700,-76.9435827800,38.9851813300,-76.9436002400,1.0
38.9851813300,-76.9436002400,38.9851295800,-76.9436075600,1.0
38.9851295800,-76.9436075600,38.9850864000,-76.9436075200,1.0
38.9850864000,-76.9436075200,38.9850407700,-76.9436065100,1.0
38.9850407700,-76.9436065100,38.9850520500,-76.9436072100,1.0
38.9850520500,-76.9436072100,38.9850557100,-76.9436068300,1.0
38.9850557100,-76.9436068300,38.9850687000,-76.9436065700,1.0
38.9850687000,-76.9436065700,38.9850649000,-76.9436051600,1.0
38.9850649000,-76.9436051600,38.9851358900,-76.9435900500,1.0
38.9851358900,-76.9435900500,38.9851702800,-76.9435969000,1.0
38.9851702800,-76.9435969000,38.9851882400,-76.9435919500,1.0
38.9851882400,-76.9435919500,38.9851642600,-76.9435979700,1.0
38.9851642600,-76.9435979700,38.9850431900,-76.9436214000,1.0
38.9850431900,-76.9436214000,38.9849583800,-76.9436374700,1.0
38.9849583800,-76.9436374700,38.9848437100,-76.9437016200,1.0
38.9848437100,-76.9437016200,38.9847440700,-76.9436870800,1.0
38.9847440700,-76.9436870800,38.9846783900,-76.9435909100,1.0
38.9846783900,-76.9435909100,38.9846282500,-76.9434379100,1.0
38.9846282500,-76.9434379100,38.9845933600,-76.9432928800,1.0
38.9845933600,-76.9432928800,38.9845408300,-76.9432055300,1.0
38.9845408300,-76.9432055300,38.9845131900,-76.9431330700,1.0
38.9845131900,-76.9431330700,38.9844628500,-76.9430618900,1.0
38.9844628500,-76.9430618900,38.9844498900,-76.9430420300,1.0
38.9844498900,-76.9430420300,38.9844485800,-76.9430365400,1.0
38.9844485800,-76.9430365400,38.9844491800,-76.9430364000,1.0
38.9844491800,-76.9430364000,38.9844489500,-76.9430363900,1.0
38.9844489500,-76.9430363900,38.9844292100,-76.9429959200,1.0
38.9844292100,-76.9429959200,38.9844085100,-76.9428553100,1.0
38.9844085100,-76.9428553100,38.9844664300,-76.9427945300,1.0
38.9844664300,-76.9427945300,38.9845657000,-76.9427423200,1.0
38.9845657000,-76.9427423200,38.9846532900,-76.9426657000,1.0
38.9846532900,-76.9426657000,38.9847505800,-76.9426235100,1.0
38.9847505800,-76.9426235100,38.9848747000,-76.9426114900,1.0
38.9848747000,-76.9426114900,38.9849882300,-76.9426149600,1.0
38.9849882300,-76.9426149600,38.9851014700,-76.9426416700,1.0
38.9851014700,-76.9426416700,38.9852034800,-76.9426201400,1.0
38.9852034800,-76.9426201400,38.9851127100,-76.9425822900,1.0
38.9851127100,-76.9425822900,38.9850349900,-76.9425072100,1.0
38.9850349900,-76.9425072100,38.9850158700,-76.9424429000,1.0
38.9850158700,-76.9424429000,38.9849923000,-76.9424447400,1.0
38.9849923000,-76.9424447400,38.9849920100,-76.9424454200,1.0
38.9859917500,-76.9444796400,38.9860243200,-76.9443958900,1.0
38.9860243200,-76.9443958900,38.9860751000,-76.9443005100,1.0
38.9860751000,-76.9443005100,38.9860777700,-76.9441612400,1.0
38.9860777700,-76.9441612400,38.9861027900,-76.9440005600,1.0
38.9861027900,-76.9440005600,38.9861142500,-76.9438514800,1.0
38.9861142500,-76.9438514800,38.9861115800,-76.9436783400,1.0
38.9861115800,-76.9436783400,38.9861232000,-76.9435446100,1.0
38.9861232000,-76.9435446100,38.9861338900,-76.9433986100,1.0
38.9861338900,-76.9433986100,38.9861255200,-76.9432600400,1.0
38.9861255200,-76.9432600400,38.9861511700,-76.9431075200,1.0
38.9861511700,-76.9431075200,38.9861739300,-76.9429602800,1.0
38.9861739300,-76.9429602800,38.9861877000,-76.9428237200,1.0
38.9861877000,-76.9428237200,38.9862168200,-76.9426824800,1.0
38.9862168200,-76.9426824800,38.9862232800,-76.9425183900,1.0
38.9862232800,-76.9425183900,38.9862417500,-76.9423746500,1.0
38.9862417500,-76.9423746500,38.9862512600,-76.9422358400,1.0
38.9862512600,-76.9422358400,38.9862800700,-76.9420935600,1.0
38.9862800700,-76.9420935600,38.9863248600,-76.9419625000,1.0
38.9863248600,-76.9419625000,38.9863481700,-76.9417765800,1.0
38.9863481700,-76.9417765800,38.9863947600,-76.9416213600,1.0
38.9863947600,-76.9416213600,38.9864322400,-76.9414754900,1.0
38.9864322400,-76.9414754900,38.9864653800,-76.9413239100,1.0
38.9864653800,-76.9413239100,38.9864669900,-76.9411702000,1.0
38.9864669900,-76.9411702000,38.9864756800,-76.9410319500,1.0
38.9864756800,-76.9410319500,38.9864700800,-76.9408904000,1.0
38.9864700800,-76.9408904000,38.9865088500,-76.9407422600,1.0
38.9865088500,-76.9407422600,38.9865334700,-76.9405921600,1.0
38.9865334700,-76.9405921600,38.9865671200,-76.9404383000,1.0
38.9865671200,-76.9404383000,38.9865699100,-76.9403044400,1.0
38.9865699100,-76.9403044400,38.9865789400,-76.9401518500,1.0
38.9865789400,-76.9401518500,38.9865695300,-76.9400133200,1.0
38.9865695300,-76.9400133200,38.9865677800,-76.9398886300,1.0
38.9865677800,-76.9398886300,38.9865584300,-76.9397741400,1.0
38.9865584300,-76.9397741400,38.9865623600,-76.9396199700,1.0
38.9865623600,-76.9396199700,38.9865771500,-76.9394652500,1.0
38.9865771500,-76.9394652500,38.9866039000,-76.9393243100,1.0
38.9866039000,-76.9393243100,38.9866032800,-76.9391589400,1.0
38.9866032800,-76.9391589400,38.9865952900,-76.9389949300,1.0
38.9865952900,-76.9389949300,38.9865785500,-76.9388395900,1.0
38.9865785500,-76.9388395900,38.9865674400,-76.9386979000,1.0
38.9865674400,-76.9386979000,38.9865156900,-76.9385847000,1.0
38.9865156900,-76.9385847000,38.9864553200,-76.9384798000,1.0
38.9864553200,-76.9384798000,38.9863848300,-76.9383673900,1.0
38.9863848300,-76.9383673900,38.9863055300,-76.9382602500,1.0
38.9863055300,-76.9382602500,38.9862075500,-76.9381946600,1.0
38.9862075500,-76.9381946600,38.9860989500,-76.9381518000,1.0
38.9860989500,-76.9381518000,38.9860620000,-76.9379993600,1.0
38.9860620000,-76.9379993600,38.9860714000,-76.9378252400,1.0
38.9860714000,-76.9378252400,38.9861360400,-76.9377244400,1.0
38.9861360400,-76.9377244400,38.9862178700,-76.9376625000,1.0
38.9862178700,-76.9376625000,38.9863108300,-76.9375936100,1.0
38.9863108300,-76.9375936100,38.9864089200,-76.9375181000,1.0
38.9864089200,-76.9375181000,38.9865093000,-76.9374573000,1.0
38.9865093000,-76.9374573000,38.9865961000,-76.9373934100,1.0
38.9865961000,-76.9373934100,38.9866866800,-76.9373816600,1.0
38.9866866800,-76.9373816600,38.9867920100,-76.9373176300,1.0
38.9867920100,-76.9373176300,38.9868800300,-76.9372598700,1.0
38.9868800300,-76.9372598700,38.9869810200,-76.9371653900,1.0
38.9869810200,-76.9371653900,38.9870862700,-76.9371053800,1.0
38.9870862700,-76.9371053800,38.9871973800,-76.9370501900,1.0
38.9871973800,-76.9370501900,38.9873012100,-76.9369729300,1.0
38.9873012100,-76.9369729300,38.9873992500,-76.9369230600,1.0
38.9873992500,-76.9369230600,38.9875100700,-76.9368840500,1.0
38.9875100700,-76.9368840500,38.9876248300,-76.9368382100,1.0
38.9876248300,-76.9368382100,38.9877483200,-76.9367871300,1.0
38.9877483200,-76.9367871300,38.9878701500,-76.9367375100,1.0
38.9878701500,-76.9367375100,38.9879810600,-76.9367132600,1.0
38.9879810600,-76.9367132600,38.9880999400,-76.9366700200,1.0
38.9880999400,-76.9366700200,38.9882164800,-76.9366426000,1.0
38.9882164800,-76.9366426000,38.9883155500,-76.9366468600,1.0
38.9883155500,-76.9366468600,38.9884478900,-76.9366973100,1.0
38.9884478900,-76.9366973100,38.9885667000,-76.9367181800,1.0
38.9885667000,-76.9367181800,38.9886550100,-76.9367314600,1.0
38.9886550100,-76.9367314600,38.9887363400,-76.9367310200,1.0
38.9887363400,-76.9367310200,38.9888259000,-76.9367342200,1.0
38.9888259000,-76.9367342200,38.9889316700,-76.9367545700,1.0
38.9889316700,-76.9367545700,38.9890919900,-76.9366869900,1.0
38.9890919900,-76.9366869900,38.9892032000,-76.9367325500,1.0
38.9892032000,-76.9367325500,38.9893310300,-76.9367527800,1.0
38.9893310300,-76.9367527800,38.9894445300,-76.9368208300,1.0
38.9894445300,-76.9368208300,38.9895213700,-76.9368004100,1.0
38.9895213700,-76.9368004100,38.9895643300,-76.9366844500,1.0
38.9895643300,-76.9366844500,38.9896239800,-76.9365710100,1.0
38.9896239800,-76.9365710100,38.9897259800,-76.9365195000,1.0
38.9897259800,-76.9365195000,38.9898320100,-76.9364924300,1.0
38.9898320100,-76.9364924300,38.9899466700,-76.9364615100,1.0
38.9899466700,-76.9364615100,38.9900618300,-76.9364611300,1.0
38.9900618300,-76.9364611300,38.9901400200,-76.9365158600,1.0
38.9901400200,-76.9365158600,38.9901982400,-76.9366126000,1.0
38.9901982400,-76.9366126000,38.9902307300,-76.9367514100,1.0
38.9902307300,-76.9367514100,38.9902366200,-76.9368881200,1.0
38.9902366200,-76.9368881200,38.9902373200,-76.9370258400,1.0
38.9902373200,-76.9370258400,38.9902763900,-76.9371314400,1.0
38.9902763900,-76.9371314400,38.9903944600,-76.9371647000,1.0
38.9903944600,-76.9371647000,38.9905209500,-76.9371867800,1.0
38.9905209500,-76.9371867800,38.9905421900,-76.9370882200,1.0
38.9909225500,-76.9387105100,38.9908227000,-76.9386349900,1.0
38.9908227000,-76.9386349900,38.9906900200,-76.9386220200,1.0
38.9906900200,-76.9386220200,38.9905772600,-76.9385970700,1.0
38.9905772600,-76.9385970700,38.9904828100,-76.9386365900,1.0
38.9904828100,-76.9386365900,38.9904390700,-76.9386824700,1.0
38.9904390700,-76.9386824700,38.9902818800,-76.9386860000,1.0
38.9902818800,-76.9386860000,38.9902103900,-76.9386644700,1.0
38.9902103900,-76.9386644700,38.9901102200,-76.9386680500,1.0
38.9901102200,-76.9386680500,38.9899837100,-76.9386304500,1.0
38.9899837100,-76.9386304500,38.9898966400,-76.9386259400,1.0
38.9898966400,-76.9386259400,38.9898010400,-76.9386145700,1.0
38.9898010400,-76.9386145700,38.9897112900,-76.9386158300,1.0
38.9897112900,-76.9386158300,38.9895858700,-76.9386219900,1.0
38.9895858700,-76.9386219900,38.9894741500,-76.9386210900,1.0
38.9894741500,-76.9386210900,38.9893735800,-76.9386120100,1.0
38.9893735800,-76.9386120100,38.9892748200,-76.9386191200,1.0
38.9892748200,-76.9386191200,38.9891631200,-76.9386297600,1.0
38.9891631200,-76.9386297600,38.9891057700,-76.9386720800,1.0
38.9891057700,-76.9386720800,38.9891039300,-76.9386732300,1.0
38.9891039300,-76.9386732300,38.9891025800,-76.9386735400,1.0
38.9891025800,-76.9386735400,38.9890818000,-76.9386956600,1.0
38.9890818000,-76.9386956600,38.9890225600,-76.9388150000,1.0
38.9890225600,-76.9388150000,38.9889812200,-76.9388733400,1.0
38.9889812200,-76.9388733400,38.9889586500,-76.9388897500,1.0
38.9889586500,-76.9388897500,38.9889932000,-76.9388978700,1.0
38.9889932000,-76.9388978700,38.9891006400,-76.9389124900,1.0
38.9891006400,-76.9389124900,38.9891284200,-76.9387766500,1.0
38.9891284200,-76.9387766500,38.9891501200,-76.9388393200,1.0
38.9891501200,-76.9388393200,38.9891476500,-76.9389828900,1.0
38.9891476500,-76.9389828900,38.9891331300,-76.9391347600,1.0
38.9891331300,-76.9391347600,38.9891182600,-76.9392700600,1.0
38.9891182600,-76.9392700600,38.9891163200,-76.9393522500,1.0
38.9891163200,-76.9393522500,38.9890992000,-76.9394884300,1.0
38.9890992000,-76.9394884300,38.9889724000,-76.9395298400,1.0
38.9889724000,-76.9395298400,38.9888586400,-76.9395326100,1.0
38.9888586400,-76.9395326100,38.9887409100,-76.9395155000,1.0
38.9887409100,-76.9395155000,38.9886274900,-76.9395065800,1.0
38.9886274900,-76.9395065800,38.9885387100,-76.9395500300,1.0
38.9885387100,-76.9395500300,38.9884559300,-76.9396468900,1.0
38.9884559300,-76.9396468900,38.9883764700,-76.9397161400,1.0
38.9883764700,-76.9397161400,38.9882888800,-76.9397379500,1.0
38.9882888800,-76.9397379500,38.9882016300,-76.9397438700,1.0
38.9882016300,-76.9397438700,38.9881145700,-76.9397795400,1.0
38.9881145700,-76.9397795400,38.9880885600,-76.9399030600,1.0
38.9880885600,-76.9399030600,38.9880874200,-76.9399578500,1.0
38.9880874200,-76.9399578500,38.9880884200,-76.9399429800,1.0
38.9880884200,-76.9399429800,38.9880849700,-76.9399474400,1.0
38.9880849700,-76.9399474400,38.9880849900,-76.9399571200,1.0
38.9880849900,-76.9399571200,38.9880851700,-76.9400744700,1.0
38.9880851700,-76.9400744700,38.9880805300,-76.9401916900,1.0
38.9880805300,-76.9401916900,38.9880880300,-76.9403069000,1.0
38.9880880300,-76.9403069000,38.9881158400,-76.9404183400,1.0
38.9881158400,-76.9404183400,38.9881453600,-76.9405475000,1.0
38.9881453600,-76.9405475000,38.9882012500,-76.9405731100,1.0
38.9882012500,-76.9405731100,38.9882606700,-76.9405683500,1.0
38.9882606700,-76.9405683500,38.9883377800,-76.9405606200,1.0
38.9883377800,-76.9405606200,38.9884114000,-76.9405637800,1.0
38.9884114000,-76.9405637800,38.9884828400,-76.9405598800,1.0
38.9884828400,-76.9405598800,38.9885536000,-76.9405564400,1.0
38.9885536000,-76.9405564400,38.9886326500,-76.9405531800,1.0
38.9886326500,-76.9405531800,38.9887062600,-76.9405532400,1.0
38.9887062600,-76.9405532400,38.9887909700,-76.9405500700,1.0
38.9887909700,-76.9405500700,38.9888771400,-76.9405511200,1.0
38.9888771400,-76.9405511200,38.9889405100,-76.9405460600,1.0
38.9889405100,-76.9405460600,38.9889909600,-76.9404988100,1.0
38.9889909600,-76.9404988100,38.9890118100,-76.9404026300,1.0
38.9890118100,-76.9404026300,38.9890076400,-76.9405246500,1.0
38.9890076400,-76.9405246500,38.9889584100,-76.9405884700,1.0
38.9889584100,-76.9405884700,38.9889472600,-76.9405888500,1.0
38.9889472600,-76.9405888500,38.9890492600,-76.9405818300,1.0
38.9890492600,-76.9405818300,38.9891514900,-76.9405481400,1.0
38.9891514900,-76.9405481400,38.9892113600,-76.9404661200,1.0
38.9892113600,-76.9404661200,38.9892491500,-76.9403619200,1.0
38.9892491500,-76.9403619200,38.9892942400,-76.9402706800,1.0
38.9892942400,-76.9402706800,38.9893108500,-76.9404001900,1.0
38.9893108500,-76.9404001900,38.9893576400,-76.9404942700,1.0
38.9893576400,-76.9404942700,38.9894138300,-76.9405859300,1.0
38.9894138300,-76.9405859300,38.9893410300,-76.9406044600,1.0
38.9893410300,-76.9406044600,38.9892512000,-76.9406030700,1.0
38.9892512000,-76.9406030700,38.9891555500,-76.9405932700,1.0
38.9891555500,-76.9405932700,38.9891598900,-76.9405854900,1.0
38.9891598900,-76.9405854900,38.9892608000,-76.9405818300,1.0
38.9892608000,-76.9405818300,38.9893564700,-76.9405916100,1.0
38.9893564700,-76.9405916100,38.9894485800,-76.9405950600,1.0
38.9894485800,-76.9405950600,38.9895666600,-76.9405918400,1.0
38.9895666600,-76.9405918400,38.9896677600,-76.9405961000,1.0
38.9896677600,-76.9405961000,38.9897743100,-76.9406069600,1.0
38.9897743100,-76.9406069600,38.9898723800,-76.9406117500,1.0
38.9898723800,-76.9406117500,38.9899650200,-76.9406136400,1.0
38.9899650200,-76.9406136400,38.9900578800,-76.9406134300,1.0
38.9900578800,-76.9406134300,38.9901565300,-76.9405977100,1.0
38.9901565300,-76.9405977100,38.9902618000,-76.9406196900,1.0
38.9902618000,-76.9406196900,38.9903532000,-76.9406197900,1.0
38.9903532000,-76.9406197900,38.9904636200,-76.9406290300,1.0
38.9904636200,-76.9406290300,38.9905597300,-76.9406258300,1.0
38.9905597300,-76.9406258300,38.9906531400,-76.9406373200,1.0
38.9906531400,-76.9406373200,38.9907472900,-76.9406300400,1.0
38.9907472900,-76.9406300400,38.9908280100,-76.9405536800,1.0
38.9908280100,-76.9405536800,38.9908420000,-76.9404226700,1.0
38.9908420000,-76.9404226700,38.9908588100,-76.9402878300,1.0
38.9908588100,-76.9402878300,38.9908577700,-76.9401543100,1.0
38.9908577700,-76.9401543100,38.9908770000,-76.9400189500,1.0
38.9908770000,-76.9400189500,38.9908732700,-76.9398850100,1.0
38.9908732700,-76.9398850100,38.9908716900,-76.9397629000,1.0
38.9908716900,-76.9397629000,38.9909061300,-76.9396568000,1.0
38.9909061300,-76.9396568000,38.9909290600,-76.9395296000,1.0
38.9909290600,-76.9395296000,38.9909491800,-76.9393975000,1.0
38.9909491800,-76.9393975000,38.9909701300,-76.9392673000,1.0
38.9909701300,-76.9392673000,38.9909789400,-76.9391324900,1.0
38.9909789400,-76.9391324900,38.9909844500,-76.9389875200,1.0
38.9909844500,-76.9389875200,38.9909871000,-76.9388537300,1.0
38.9909871000,-76.9388537300,38.9910001000,-76.9387194400,1.0
38.9910001000,-76.9387194400,38.9909198600,-76.9386791800,1.0
38.9909198600,-76.9386791800,38.9908071100,-76.9386845400,1.0
38.9908071100,-76.9386845400,38.9906985500,-76.9386743000,1.0
38.9906985500,-76.9386743000,38.9905967100,-76.9386708700,1.0
38.9905967100,-76.9386708700,38.9904777000,-76.9386638300,1.0
38.9904777000,-76.9386638300,38.9903731800,-76.9386588300,1.0
38.9903731800,-76.9386588300,38.9902513600,-76.9386878600,1.0
38.9902513600,-76.9386878600,38.9901913000,-76.9387817200,1.0
38.9901913000,-76.9387817200,38.9901864100,-76.9389234800,1.0
38.9901864100,-76.9389234800,38.9901847900,-76.9390693700,1.0
38.9901847900,-76.9390693700,38.9902289800,-76.9391590300,1.0
38.9902289800,-76.9391590300,38.9902248900,-76.9391825100,1.0
38.9902248900,-76.9391825100,38.9901934100,-76.9392906100,1.0
38.9901934100,-76.9392906100,38.9902005700,-76.9394338900,1.0
38.9902005700,-76.9394338900,38.9902182300,-76.9395484100,1.0
38.9902182300,-76.9395484100,38.9902960300,-76.9395838100,1.0
38.9902960300,-76.9395838100,38.9903758300,-76.9396533600,1.0
38.9903758300,-76.9396533600,38.9904477700,-76.9397361500,1.0
38.9904477700,-76.9397361500,38.9905236600,-76.9398018700,1.0
38.9905236600,-76.9398018700,38.9906460200,-76.9398042700,1.0
38.9906460200,-76.9398042700,38.9907761800,-76.9398255600,1.0
38.9907761800,-76.9398255600,38.9907733100,-76.9398500800,1.0
38.9907733100,-76.9398500800,38.9906670100,-76.9398545800,1.0
38.9906670100,-76.9398545800,38.9905623600,-76.9398635000,1.0
38.9905623600,-76.9398635000,38.9904546900,-76.9398831900,1.0
38.9904546900,-76.9398831900,38.9903605800,-76.9399023700,1.0
38.9903605800,-76.9399023700,38.9902469800,-76.9398876300,1.0
38.9902469800,-76.9398876300,38.9901803800,-76.9398332400,1.0
38.9901803800,-76.9398332400,38.9901871400,-76.9397310000,1.0
38.9901871400,-76.9397310000,38.9901849100,-76.9396003100,1.0
38.9901849100,-76.9396003100,38.9901891600,-76.9396308300,1.0
38.9901891600,-76.9396308300,38.9901808900,-76.9397529700,1.0
38.9901808900,-76.9397529700,38.9901875600,-76.9398714600,1.0
38.9901875600,-76.9398714600,38.9901905700,-76.9400041000,1.0
38.9901905700,-76.9400041000,38.9901945300,-76.9401371800,1.0
38.9901945300,-76.9401371800,38.9901958400,-76.9402705800,1.0
38.9901958400,-76.9402705800,38.9901942900,-76.9403787000,1.0
38.9901942900,-76.9403787000,38.9901886700,-76.9405132400,1.0
38.9901886700,-76.9405132400,38.9901420500,-76.9405948500,1.0
38.9901420500,-76.9405948500,38.9900635800,-76.9405306300,1.0
38.9900635800,-76.9405306300,38.9900494200,-76.9404077900,1.0
38.9900494200,-76.9404077900,38.9900551700,-76.9402846500,1.0
38.9900551700,-76.9402846500,38.9900490400,-76.9401550900,1.0
38.9900490400,-76.9401550900,38.9900582700,-76.9400387000,1.0
38.9900582700,-76.9400387000,38.9900918000,-76.9399311600,1.0
38.9900918000,-76.9399311600,38.9901447400,-76.9398751100,1.0
38.9901447400,-76.9398751100,38.9900812200,-76.9398593800,1.0
38.9900812200,-76.9398593800,38.9900676200,-76.9397100500,1.0
38.9900676200,-76.9397100500,38.9900812400,-76.9395633300,1.0
38.9900812400,-76.9395633300,38.9901793800,-76.9395551800,1.0
38.9880851200,-76.9397005500,38.9880962400,-76.9396273700,1.0
38.9880962400,-76.9396273700,38.9881017400,-76.9395930000,1.0
38.9881017400,-76.9395930000,38.9880872900,-76.9394811800,1.0
38.9880872900,-76.9394811800,38.9880950000,-76.9393820800,1.0
38.9880950000,-76.9393820800,38.9881294500,-76.9392324300,1.0
38.9881294500,-76.9392324300,38.9881251600,-76.9391163200,1.0
38.9881251600,-76.9391163200,38.9881040300,-76.9389702800,1.0
38.9881040300,-76.9389702800,38.9880891200,-76.9388401900,1.0
38.9880891200,-76.9388401900,38.9881282500,-76.9388335600,1.0
38.9881282500,-76.9388335600,38.9881493500,-76.9387310800,1.0
38.9881493500,-76.9387310800,38.9881661100,-76.9386220700,1.0
38.9881661100,-76.9386220700,38.9882591300,-76.9385477700,1.0
38.9882591300,-76.9385477700,38.9883356200,-76.9384593300,1.0
38.9883356200,-76.9384593300,38.9883766200,-76.9383472300,1.0
38.9883766200,-76.9383472300,38.9884111900,-76.9382220100,1.0
38.9884111900,-76.9382220100,38.9884299400,-76.9380856800,1.0
38.9884299400,-76.9380856800,38.9884614800,-76.9379534400,1.0
38.9884614800,-76.9379534400,38.9885099700,-76.9378344100,1.0
38.9885099700,-76.9378344100,38.9885396600,-76.9376953500,1.0
38.9885396600,-76.9376953500,38.9885858600,-76.9375557100,1.0
38.9885858600,-76.9375557100,38.9886295000,-76.9374446600,1.0
38.9886295000,-76.9374446600,38.9886638800,-76.9374002300,1.0
38.9886638800,-76.9374002300,38.9886858800,-76.9373963800,1.0
38.9886858800,-76.9373963800,38.9886939800,-76.9374096300,1.0
38.9886939800,-76.9374096300,38.9886765900,-76.9375465800,1.0
38.9886765900,-76.9375465800,38.9886656700,-76.9377094700,1.0
38.9886656700,-76.9377094700,38.9886754600,-76.9378282700,1.0
38.9886754600,-76.9378282700,38.9886690900,-76.9379811000,1.0
38.9886690900,-76.9379811000,38.9887020000,-76.9380621200,1.0
38.9887020000,-76.9380621200,38.9887325300,-76.9381994000,1.0
38.9887325300,-76.9381994000,38.9887474800,-76.9383082000,1.0
38.9887474800,-76.9383082000,38.9887314200,-76.9384445500,1.0
38.9887314200,-76.9384445500,38.9887526100,-76.9383980100,1.0
38.9887526100,-76.9383980100,38.9887031400,-76.9384731800,1.0
38.9887031400,-76.9384731800,38.9886928400,-76.9385913500,1.0
38.9886928400,-76.9385913500,38.9887054100,-76.9387433300,1.0
38.9887054100,-76.9387433300,38.9886462500,-76.9388714600,1.0
38.9886462500,-76.9388714600,38.9885147300,-76.9389260300,1.0
38.9885147300,-76.9389260300,38.9884203500,-76.9389746200,1.0
38.9884203500,-76.9389746200,38.9883119800,-76.9389428900,1.0
38.9883119800,-76.9389428900,38.9881743900,-76.9389510500,1.0
38.9881743900,-76.9389510500,38.9880886200,-76.9390240200,1.0
38.9880886200,-76.9390240200,38.9880198100,-76.9390513000,1.0
38.9880198100,-76.9390513000,38.9879050600,-76.9390096900,1.0
38.9879050600,-76.9390096900,38.9878597400,-76.9389169900,1.0
38.9878597400,-76.9389169900,38.9878777600,-76.9390210100,1.0
38.9878777600,-76.9390210100,38.9879206600,-76.9390790600,1.0
38.9879206600,-76.9390790600,38.9879162100,-76.9392544300,1.0
38.9879162100,-76.9392544300,38.9878869600,-76.9393835900,1.0
38.9878869600,-76.9393835900,38.9878669100,-76.9395288900,1.0
38.9878669100,-76.9395288900,38.9878780200,-76.9395764200,1.0
38.9878780200,-76.9395764200,38.9878986700,-76.9394447600,1.0
38.9878986700,-76.9394447600,38.9879159700,-76.9393062600,1.0
38.9879159700,-76.9393062600,38.9879253400,-76.9391872100,1.0
38.9879253400,-76.9391872100,38.9879507500,-76.9391013500,1.0
38.9879507500,-76.9391013500,38.9880519900,-76.9391422100,1.0
38.9880519900,-76.9391422100,38.9879626200,-76.9392491600,1.0
38.9879626200,-76.9392491600,38.9878842800,-76.9393367100,1.0
38.9878842800,-76.9393367100,38.9878738900,-76.9394557500,1.0
38.9878738900,-76.9394557500,38.9878809000,-76.9395329800,1.0
38.9878809000,-76.9395329800,38.9878659700,-76.9395645100,1.0
38.9878659700,-76.9395645100,38.9878235300,-76.9396089700,1.0
38.9878235300,-76.9396089700,38.9878017100,-76.9397354000,1.0
38.9878017100,-76.9397354000,38.9878359600,-76.9398701400,1.0
38.9878359600,-76.9398701400,38.9879031600,-76.9399819200,1.0
38.9879031600,-76.9399819200,38.9879271900,-76.9401291200,1.0
38.9879271900,-76.9401291200,38.9879352200,-76.9402573800,1.0
38.9879352200,-76.9402573800,38.9879661900,-76.9402015400,1.0
38.9879661900,-76.9402015400,38.9879798000,-76.9400719500,1.0
38.9879798000,-76.9400719500,38.9879313200,-76.9399928200,1.0
38.9879313200,-76.9399928200,38.9878533600,-76.9398824100,1.0
38.9878533600,-76.9398824100,38.9878097000,-76.9397688200,1.0
38.9878097000,-76.9397688200,38.9878417500,-76.9398603400,1.0
38.9878417500,-76.9398603400,38.9878798900,-76.9399807700,1.0
38.9878798900,-76.9399807700,38.9879155000,-76.9401000700,1.0
38.9879155000,-76.9401000700,38.9879464300,-76.9402394100,1.0
38.9879464300,-76.9402394100,38.9879409100,-76.9402581500,1.0
38.9879409100,-76.9402581500,38.9878947500,-76.9400926100,1.0
38.9878947500,-76.9400926100,38.9878472200,-76.9399569600,1.0
38.9878472200,-76.9399569600,38.9878082500,-76.9398235800,1.0
38.9878082500,-76.9398235800,38.9877840700,-76.9396928400,1.0
38.9877840700,-76.9396928400,38.9877931000,-76.9395377600,1.0
38.9877931000,-76.9395377600,38.9878041000,-76.9394719500,1.0
38.9878041000,-76.9394719500,38.9877804100,-76.9395180300,1.0
38.9877804100,-76.9395180300,38.9877941400,-76.9396406500,1.0
38.9877941400,-76.9396406500,38.9878274700,-76.9397764700,1.0
38.9878274700,-76.9397764700,38.9878561100,-76.9399229200,1.0
38.9878561100,-76.9399229200,38.9878753800,-76.9400324400,1.0
38.9878753800,-76.9400324400,38.9879192000,-76.9401089800,1.0
38.9879192000,-76.9401089800,38.9879360300,-76.9402204300,1.0
38.9879360300,-76.9402204300,38.9879480400,-76.9401037100,1.0
38.9879480400,-76.9401037100,38.9878755000,-76.9399125100,1.0
38.9878755000,-76.9399125100,38.9878253800,-76.9398213000,1.0
38.9878253800,-76.9398213000,38.9877860500,-76.9396974000,1.0
38.9877860500,-76.9396974000,38.9877943400,-76.9395622900,1.0
38.9877943400,-76.9395622900,38.9878718400,-76.9394899700,1.0
38.9878718400,-76.9394899700,38.9878867900,-76.9393808000,1.0
38.9878867900,-76.9393808000,38.9879412100,-76.9392556500,1.0
38.9879412100,-76.9392556500,38.9879224300,-76.9391263000,1.0
38.9879224300,-76.9391263000,38.9879052200,-76.9390624100,1.0
38.9879052200,-76.9390624100,38.9879325400,-76.9390366800,1.0
38.9879325400,-76.9390366800,38.9879973100,-76.9390675100,1.0
38.9879973100,-76.9390675100,38.9880692100,-76.9390616100,1.0
38.9880692100,-76.9390616100,38.9881521300,-76.9390216700,1.0
38.9881521300,-76.9390216700,38.9882345600,-76.9389648100,1.0
38.9882345600,-76.9389648100,38.9883017700,-76.9388897000,1.0
38.9883017700,-76.9388897000,38.9883551900,-76.9388937700,1.0
38.9883551900,-76.9388937700,38.9884704200,-76.9389363900,1.0
38.9884704200,-76.9389363900,38.9885420500,-76.9388796100,1.0
38.9885420500,-76.9388796100,38.9884441300,-76.9388399600,1.0
38.9884441300,-76.9388399600,38.9883571300,-76.9388720600,1.0
38.9883571300,-76.9388720600,38.9882563000,-76.9388784600,1.0
38.9882563000,-76.9388784600,38.9881827600,-76.9389598600,1.0
38.9881827600,-76.9389598600,38.9880975800,-76.9390401200,1.0
38.9880975800,-76.9390401200,38.9880800800,-76.9391600400,1.0
38.9880800800,-76.9391600400,38.9880905500,-76.9393088500,1.0
38.9880905500,-76.9393088500,38.9880897600,-76.9394532000,1.0
38.9880897600,-76.9394532000,38.9880949400,-76.9395952500,1.0
38.9880949400,-76.9395952500,38.9881511100,-76.9396933700,1.0
38.9881511100,-76.9396933700,38.9881989400,-76.9396714000,1.0
38.9881989400,-76.9396714000,38.9882263700,-76.9396603000,1.0
38.9882263700,-76.9396603000,38.9883298500,-76.9396773900,1.0
38.9883298500,-76.9396773900,38.9884221200,-76.9397029800,1.0
38.9884221200,-76.9397029800,38.9885236000,-76.9396716500,1.0
38.9885236000,-76.9396716500,38.9885600100,-76.9395737700,1.0
38.9885600100,-76.9395737700,38.9886342600,-76.9394782000,1.0
38.9886342600,-76.9394782000,38.9887238900,-76.9393755900,1.0
38.9887238900,-76.9393755900,38.9887841100,-76.9393075100,1.0
38.9887841100,-76.9393075100,38.9888707600,-76.9392969500,1.0
38.9888707600,-76.9392969500,38.9889183000,-76.9392563800,1.0
38.9889183000,-76.9392563800,38.9890220900,-76.9394194700,1.0
38.9890220900,-76.9394194700,38.9890619700,-76.9394737400,1.0
38.9890619700,-76.9394737400,38.9890966100,-76.9395337900,1.0
38.9890966100,-76.9395337900,38.9891135400,-76.9393830000,1.0
38.9891135400,-76.9393830000,38.9891556500,-76.9392933600,1.0
38.9891556500,-76.9392933600,38.9891681400,-76.9391384600,1.0
38.9891681400,-76.9391384600,38.9891562600,-76.9390076300,1.0
38.9891562600,-76.9390076300,38.9891624200,-76.9388703800,1.0
38.9891624200,-76.9388703800,38.9891608000,-76.9387333400,1.0
38.9891608000,-76.9387333400,38.9891838700,-76.9386569800,1.0
38.9891838700,-76.9386569800,38.9891967300,-76.9386270500,1.0
38.9891967300,-76.9386270500,38.9892835100,-76.9386503900,1.0
38.9892835100,-76.9386503900,38.9893635400,-76.9386634200,1.0
38.9893635400,-76.9386634200,38.9894038500,-76.9387029100,1.0
38.9894038500,-76.9387029100,38.9894338500,-76.9387321100,1.0
38.9894338500,-76.9387321100,38.9893767600,-76.9387183500,1.0
38.9893767600,-76.9387183500,38.9893381600,-76.9387605400,1.0
38.9893381600,-76.9387605400,38.9892610200,-76.9387096500,1.0
38.9892610200,-76.9387096500,38.9892097300,-76.9386676000,1.0
38.9892097300,-76.9386676000,38.9891329000,-76.9385982300,1.0
38.9891329000,-76.9385982300,38.9890521500,-76.9385804000,1.0
38.9890521500,-76.9385804000,38.9890376800,-76.9386040500,1.0
38.9890376800,-76.9386040500,38.9890367600,-76.9386558000,1.0
38.9890367600,-76.9386558000,38.9889918700,-76.9387802300,1.0
38.9889918700,-76.9387802300,38.9889478900,-76.9388029700,1.0
38.9889478900,-76.9388029700,38.9889774200,-76.9388433400,1.0
38.9889774200,-76.9388433400,38.9889930500,-76.9388539300,1.0
38.9889930500,-76.9388539300,38.9889964200,-76.9388527400,1.0
38.9889964200,-76.9388527400,38.9890115000,-76.9388537600,1.0
38.9890115000,-76.9388537600,38.9891022400,-76.9388729300,1.0
38.9891022400,-76.9388729300,38.9891392300,-76.9389951800,1.0
38.9891392300,-76.9389951800,38.9891271100,-76.9391357300,1.0
38.9891271100,-76.9391357300,38.9891667300,-76.9392565500,1.0
38.9891667300,-76.9392565500,38.9891960700,-76.9393251200,1.0
38.9891960700,-76.9393251200,38.9891127700,-76.9393370300,1.0
38.9891127700,-76.9393370300,38.9890362500,-76.9393533700,1.0
38.9890362500,-76.9393533700,38.9888973300,-76.9392822300,1.0
38.9888973300,-76.9392822300,38.9887967900,-76.9392847100,1.0
38.9887967900,-76.9392847100,38.9886801300,-76.9392527200,1.0
38.9886801300,-76.9392527200,38.9886195100,-76.9392881100,1.0
38.9886195100,-76.9392881100,38.9885239800,-76.9393416100,1.0
38.9885239800,-76.9393416100,38.9884368100,-76.9394481200,1.0
38.9884368100,-76.9394481200,38.9884088700,-76.9395659200,1.0
38.9884088700,-76.9395659200,38.9883827800,-76.9396832200,1.0
38.9883827800,-76.9396832200,38.9883305800,-76.9396766800,1.0
38.9883305800,-76.9396766800,38.9882541000,-76.9396796600,1.0
38.9882541000,-76.9396796600,38.9882152700,-76.9396584900,1.0
38.9882152700,-76.9396584900,38.9881725100,-76.9396284800,1.0
38.9881725100,-76.9396284800,38.9881885100,-76.9395072900,1.0
38.9881885100,-76.9395072900,38.9882090600,-76.9393819900,1.0
38.9882090600,-76.9393819900,38.9881987600,-76.9392616800,1.0
38.9881987600,-76.9392616800,38.9881886900,-76.9391425200,1.0
38.9881886900,-76.9391425200,38.9882269100,-76.9390451400,1.0
38.9882269100,-76.9390451400,38.9882943700,-76.9390104700,1.0
38.9882943700,-76.9390104700,38.9883432000,-76.9389526500,1.0
38.9883432000,-76.9389526500,38.9883716300,-76.9389524900,1.0
38.9883716300,-76.9389524900,38.9884792400,-76.9389181400,1.0
38.9884792400,-76.9389181400,38.9885708400,-76.9389191800,1.0
38.9885708400,-76.9389191800,38.9886138000,-76.9388553900,1.0
38.9886138000,-76.9388553900,38.9886565000,-76.9386903700,1.0
38.9886565000,-76.9386903700,38.9886628500,-76.9385258900,1.0
38.9886628500,-76.9385258900,38.9886724200,-76.9383969800,1.0
38.9886724200,-76.9383969800,38.9886844700,-76.9382714400,1.0
38.9886844700,-76.9382714400,38.9886953200,-76.9381912000,1.0
38.9886953200,-76.9381912000,38.9886724700,-76.9381198800,1.0
38.9886724700,-76.9381198800,38.9886588000,-76.9379716000,1.0
38.9886588000,-76.9379716000,38.9886642700,-76.9378116800,1.0
38.9886642700,-76.9378116800,38.9886579400,-76.9376925300,1.0
38.9886579400,-76.9376925300,38.9886707000,-76.9375633700,1.0
38.9886707000,-76.9375633700,38.9886817400,-76.9374620600,1.0
38.9886817400,-76.9374620600,38.9887285300,-76.9373044000,1.0
38.9887285300,-76.9373044000,38.9887262400,-76.9371720700,1.0
38.9887262400,-76.9371720700,38.9887204100,-76.9370613100,1.0
38.9887204100,-76.9370613100,38.9887788400,-76.9369208300,1.0
38.9887788400,-76.9369208300,38.9887742300,-76.9368500200,1.0
38.9887742300,-76.9368500200,38.9888228100,-76.9367740900,1.0
38.9888228100,-76.9367740900,38.9889880300,-76.9367361700,1.0
38.9889880300,-76.9367361700,38.9891094700,-76.9368296900,1.0
38.9891094700,-76.9368296900,38.9892024200,-76.9369363000,1.0
38.9892024200,-76.9369363000,38.9892864800,-76.9370121600,1.0
38.9892864800,-76.9370121600,38.9893998500,-76.9370372400,1.0
38.9893998500,-76.9370372400,38.9895030800,-76.9369430300,1.0
38.9895030800,-76.9369430300,38.9895293300,-76.9368028700,1.0
38.9895293300,-76.9368028700,38.9895391800,-76.9366433300,1.0
38.9895391800,-76.9366433300,38.9896110900,-76.9365558400,1.0
38.9896110900,-76.9365558400,38.9897031600,-76.9365411900,1.0
38.9897031600,-76.9365411900,38.9898196200,-76.9365417400,1.0
38.9898196200,-76.9365417400,38.9899369300,-76.9365324000,1.0
38.9899369300,-76.9365324000,38.9900477200,-76.9365375300,1.0
38.9900477200,-76.9365375300,38.9900544800,-76.9365328700,1.0
38.9900544800,-76.9365328700,38.9900572600,-76.9365224400,1.0
38.9900572600,-76.9365224400,38.9900555100,-76.9365217700,1.0
38.9900555100,-76.9365217700,38.9901110100,-76.9366002200,1.0
38.9901110100,-76.9366002200,38.9901781000,-76.9365297000,1.0
38.9901781000,-76.9365297000,38.9901972300,-76.9366322500,1.0
38.9901972300,-76.9366322500,38.9902221500,-76.9367757900,1.0
38.9902221500,-76.9367757900,38.9901876100,-76.9368703400,1.0
38.9901876100,-76.9368703400,38.9901774600,-76.9370826700,1.0
38.9901774600,-76.9370826700,38.9902126700,-76.9372538000,1.0
38.9902126700,-76.9372538000,38.9903559300,-76.9372524400,1.0
38.9903559300,-76.9372524400,38.9904577700,-76.9372947700,1.0
38.9904577700,-76.9372947700,38.9905234800,-76.9371900500,1.0
38.9905234800,-76.9371900500,38.9905124700,-76.9370768100,1.0
38.9905124700,-76.9370768100,38.9904945900,-76.9370972600,1.0
38.9904945900,-76.9370972600,38.9904875600,-76.9370988200,1.0
38.9909476000,-76.9370404100,38.9909617200,-76.9367994500,1.0
38.9909617200,-76.9367994500,38.9910145600,-76.9367028800,1.0
38.9910145600,-76.9367028800,38.9910146100,-76.9367823200,1.0
38.9910146100,-76.9367823200,38.9909964600,-76.9369204800,1.0
38.9909964600,-76.9369204800,38.9909923500,-76.9370406500,1.0
38.9909923500,-76.9370406500,38.9910190300,-76.9371641000,1.0
38.9910190300,-76.9371641000,38.9910941300,-76.9372010700,1.0
38.9910941300,-76.9372010700,38.9911740300,-76.9372229600,1.0
38.9911740300,-76.9372229600,38.9912462500,-76.9372054000,1.0
38.9912462500,-76.9372054000,38.9912801200,-76.9373341000,1.0
38.9912801200,-76.9373341000,38.9912495900,-76.9373989700,1.0
38.9912495900,-76.9373989700,38.9911958600,-76.9374103900,1.0
38.9911958600,-76.9374103900,38.9911226500,-76.9374447800,1.0
38.9911226500,-76.9374447800,38.9911247600,-76.9374542300,1.0
38.9911247600,-76.9374542300,38.9911267900,-76.9374550500,1.0
38.9911267900,-76.9374550500,38.9911588800,-76.9374563200,1.0
38.9911588800,-76.9374563200,38.9912600400,-76.9374466600,1.0
38.9912600400,-76.9374466600,38.9913518700,-76.9373503900,1.0
38.9913518700,-76.9373503900,38.9914555500,-76.9373508300,1.0
38.9914555500,-76.9373508300,38.9914961600,-76.9373524300,1.0
38.9914961600,-76.9373524300,38.9915768200,-76.9373712500,1.0
38.9915768200,-76.9373712500,38.9916780100,-76.9373968600,1.0
38.9916780100,-76.9373968600,38.9917697400,-76.9374077500,1.0
38.9917697400,-76.9374077500,38.9918942400,-76.9374438700,1.0
38.9918942400,-76.9374438700,38.9919813900,-76.9374909300,1.0
38.9919813900,-76.9374909300,38.9921025900,-76.9375171400,1.0
38.9921025900,-76.9375171400,38.9921912300,-76.9374370900,1.0
38.9921912300,-76.9374370900,38.9922979800,-76.9373740300,1.0
38.9922979800,-76.9373740300,38.9924051000,-76.9373537300,1.0
38.9924051000,-76.9373537300,38.9923772700,-76.9373784900,1.0
38.9923772700,-76.9373784900,38.9922682700,-76.9374205700,1.0
38.9922682700,-76.9374205700,38.9921522500,-76.9374982300,1.0
38.9921522500,-76.9374982300,38.9920330400,-76.9375604900,1.0
38.9920330400,-76.9375604900,38.9919274100,-76.9375958700,1.0
38.9919274100,-76.9375958700,38.9918161500,-76.9376042100,1.0
38.9918161500,-76.9376042100,38.9917108700,-76.9376165500,1.0
38.9917108700,-76.9376165500,38.9915905600,-76.9375617000,1.0
38.9915905600,-76.9375617000,38.9914326900,-76.9375210100,1.0
38.9914326900,-76.9375210100,38.9914085700,-76.9373866000,1.0
38.9914085700,-76.9373866000,38.9915377700,-76.9373105900,1.0
38.9915377700,-76.9373105900,38.9916194700,-76.9372798700,1.0
38.9916194700,-76.9372798700,38.9917317200,-76.9372315700,1.0
38.9917317200,-76.9372315700,38.9918505100,-76.9372170400,1.0
38.9918505100,-76.9372170400,38.9919565100,-76.9372114400,1.0
38.9919565100,-76.9372114400,38.9920720300,-76.9372650500,1.0
38.9920720300,-76.9372650500,38.9921925100,-76.9372731100,1.0
38.9921925100,-76.9372731100,38.9923088300,-76.9372696500,1.0
38.9923088300,-76.9372696500,38.9924237800,-76.9372690400,1.0
38.9924237800,-76.9372690400,38.9925413400,-76.9372828100,1.0
38.9925413400,-76.9372828100,38.9926428600,-76.9372748700,1.0
38.9926428600,-76.9372748700,38.9927271700,-76.9372396500,1.0
38.9927271700,-76.9372396500,38.9927279900,-76.9372982000,1.0
38.9927279900,-76.9372982000,38.9926867300,-76.9374034300,1.0
38.9926867300,-76.9374034300,38.9926441700,-76.9374399400,1.0
38.9926441700,-76.9374399400,38.9926055900,-76.9375921600,1.0
38.9926055900,-76.9375921600,38.9925883400,-76.9377238100,1.0
38.9925883400,-76.9377238100,38.9925787300,-76.9378693100,1.0
38.9925787300,-76.9378693100,38.9925934300,-76.9379983800,1.0
38.9925934300,-76.9379983800,38.9926070600,-76.9381201300,1.0
38.9926070600,-76.9381201300,38.9926278900,-76.9382254000,1.0
38.9926278900,-76.9382254000,38.9926833900,-76.9383570100,1.0
38.9926833900,-76.9383570100,38.9926901700,-76.9384871000,1.0
38.9926901700,-76.9384871000,38.9926566600,-76.9386193700,1.0
38.9926566600,-76.9386193700,38.9926129800,-76.9387655200,1.0
38.9926129800,-76.9387655200,38.9926001900,-76.9388919800,1.0
38.9926001900,-76.9388919800,38.9925910400,-76.9390174100,1.0
38.9925910400,-76.9390174100,38.9925252100,-76.9390790700,1.0
38.9925252100,-76.9390790700,38.9924176900,-76.9390930800,1.0
38.9924176900,-76.9390930800,38.9923257400,-76.9391675300,1.0
38.9923257400,-76.9391675300,38.9922138800,-76.9391686300,1.0
38.9922138800,-76.9391686300,38.9921082900,-76.9391806500,1.0
38.9921082900,-76.9391806500,38.9919931000,-76.9391816600,1.0
38.9919931000,-76.9391816600,38.9918611900,-76.9392135800,1.0
38.9918611900,-76.9392135800,38.9917525000,-76.9392464000,1.0
38.9917525000,-76.9392464000,38.9916587700,-76.9392598700,1.0
38.9916587700,-76.9392598700,38.9915480700,-76.9392452000,1.0
38.9915480700,-76.9392452000,38.9914560300,-76.9392601700,1.0
38.9914560300,-76.9392601700,38.9913867800,-76.9392784700,1.0
38.9913867800,-76.9392784700,38.9913792900,-76.9394018200,1.0
38.9913792900,-76.9394018200,38.9913834800,-76.9395277200,1.0
38.9913834800,-76.9395277200,38.9913936000,-76.9396372800,1.0
38.9913936000,-76.9396372800,38.9913774400,-76.9397644900,1.0
38.9913774400,-76.9397644900,38.9913307600,-76.9398609800,1.0
38.9913307600,-76.9398609800,38.9913144800,-76.9399836300,1.0
38.9913144800,-76.9399836300,38.9913100100,-76.9401151000,1.0
38.9913100100,-76.9401151000,38.9912992700,-76.9402729900,1.0
38.9912992700,-76.9402729900,38.9912041000,-76.9403656100,1.0
38.9912041000,-76.9403656100,38.9911230700,-76.9404182600,1.0
38.9911230700,-76.9404182600,38.9910101300,-76.9404943000,1.0
38.9910101300,-76.9404943000,38.9909061900,-76.9405853300,1.0
38.9909061900,-76.9405853300,38.9908058100,-76.9406378000,1.0
38.9908058100,-76.9406378000,38.9907092500,-76.9407003000,1.0
38.9907092500,-76.9407003000,38.9905834800,-76.9406863600,1.0
38.9905834800,-76.9406863600,38.9904576800,-76.9407007100,1.0
38.9904576800,-76.9407007100,38.9903337000,-76.9406676800,1.0
38.9903337000,-76.9406676800,38.9902286900,-76.9405749000,1.0
38.9902286900,-76.9405749000,38.9901001600,-76.9405925700,1.0
38.9901001600,-76.9405925700,38.9899848500,-76.9405551100,1.0
38.9899848500,-76.9405551100,38.9898946800,-76.9405759200,1.0
38.9898946800,-76.9405759200,38.9898306500,-76.9405970800,1.0
38.9898306500,-76.9405970800,38.9897265300,-76.9405982600,1.0
38.9897265300,-76.9405982600,38.9895944600,-76.9406133600,1.0
38.9895944600,-76.9406133600,38.9894638800,-76.9406134100,1.0
38.9894638800,-76.9406134100,38.9893497100,-76.9406211800,1.0
38.9893497100,-76.9406211800,38.9892680700,-76.9407030700,1.0
38.9892680700,-76.9407030700,38.9892324100,-76.9407969300,1.0
38.9892324100,-76.9407969300,38.9891926800,-76.9408791200,1.0
38.9891926800,-76.9408791200,38.9891413900,-76.9409825500,1.0
38.9891413900,-76.9409825500,38.9891222400,-76.9411324900,1.0
38.9891222400,-76.9411324900,38.9890863300,-76.9412839900,1.0
38.9890863300,-76.9412839900,38.9890901100,-76.9414396400,1.0
38.9890901100,-76.9414396400,38.9890156700,-76.9415475200,1.0
38.9890156700,-76.9415475200,38.9890223800,-76.9417227200,1.0
38.9890223800,-76.9417227200,38.9890426200,-76.9418053800,1.0
38.9890426200,-76.9418053800,38.9891058000,-76.9419677700,1.0
38.9891058000,-76.9419677700,38.9892132500,-76.9421326300,1.0
38.9892132500,-76.9421326300,38.9892483000,-76.9422325500,1.0
38.9892483000,-76.9422325500,38.9893168300,-76.9423463600,1.0
38.9893168300,-76.9423463600,38.9893624400,-76.9424881900,1.0
38.9893624400,-76.9424881900,38.9893839900,-76.9426055900,1.0
38.9893839900,-76.9426055900,38.9893918000,-76.9428003400,1.0
38.9893918000,-76.9428003400,38.9893765200,-76.9429235000,1.0
38.9893765200,-76.9429235000,38.9894061000,-76.9430732700,1.0
38.9894061000,-76.9430732700,38.9894212900,-76.9432139300,1.0
38.9894212900,-76.9432139300,38.9894183600,-76.9433190200,1.0
38.9894183600,-76.9433190200,38.9893638900,-76.9434833600,1.0
38.9893638900,-76.9434833600,38.9892745000,-76.9435600800,1.0
38.9892745000,-76.9435600800,38.9891386500,-76.9436558000,1.0
38.9891386500,-76.9436558000,38.9890242200,-76.9436529100,1.0
38.9890242200,-76.9436529100,38.9889166200,-76.9436922400,1.0
38.9889166200,-76.9436922400,38.9888209500,-76.9438089800,1.0
38.9888209500,-76.9438089800,38.9887366400,-76.9439524400,1.0
38.9887366400,-76.9439524400,38.9887008600,-76.9441014600,1.0
38.9887008600,-76.9441014600,38.9886543500,-76.9442250000,1.0
38.9886543500,-76.9442250000,38.9886115500,-76.9443142900,1.0
38.9886115500,-76.9443142900,38.9885493300,-76.9444006700,1.0
38.9885493300,-76.9444006700,38.9885600600,-76.9445159800,1.0
38.9885600600,-76.9445159800,38.9886009700,-76.9446456800,1.0
38.9886009700,-76.9446456800,38.9886665100,-76.9447588300,1.0
38.9886665100,-76.9447588300,38.9887140200,-76.9447849100,1.0
38.9887140200,-76.9447849100,38.9887325000,-76.9447284200,1.0
38.9908750767,-76.9378118378,38.9909167013,-76.9377023578,1.0
38.9909167013,-76.9377023578,38.9909416538,-76.9375666065,1.0
38.9909416538,-76.9375666065,38.9909849419,-76.9374649789,1.0
38.9909849419,-76.9374649789,38.9910291030,-76.9373629320,1.0
38.9910291030,-76.9373629320,38.9910380718,-76.9372426672,1.0
38.9910380718,-76.9372426672,38.9910551304,-76.9371181145,1.0
38.9910551304,-76.9371181145,38.9910481059,-76.9369953752,1.0
38.9910481059,-76.9369953752,38.9910624610,-76.9368758891,1.0
38.9910624610,-76.9368758891,38.9910315375,-76.9367643749,1.0
38.9910315375,-76.9367643749,38.9909563147,-76.9368365588,1.0
38.9909563147,-76.9368365588,38.9909764430,-76.9369590778,1.0
38.9909764430,-76.9369590778,38.9909748741,-76.9370827379,1.0
38.9909748741,-76.9370827379,38.9909437572,-76.9372085510,1.0
38.9909437572,-76.9372085510,38.9908504906,-76.9372269673,1.0
38.9908504906,-76.9372269673,38.9907479921,-76.9372342246,1.0
38.9907479921,-76.9372342246,38.9906563256,-76.9372536096,1.0
38.9906563256,-76.9372536096,38.9905600872,-76.9372341956,1.0
38.9905600872,-76.9372341956,38.9904586380,-76.9372196858,1.0
38.9904586380,-76.9372196858,38.9903645948,-76.9371961891,1.0
38.9903645948,-76.9371961891,38.9902747420,-76.9371669464,1.0
38.9902747420,-76.9371669464,38.9901709215,-76.9371934010,1.0
38.9901709215,-76.9371934010,38.9901782953,-76.9370666587,1.0
38.9901782953,-76.9370666587,38.9902134248,-76.9369524514,1.0
38.9902134248,-76.9369524514,38.9902658036,-76.9368422448,1.0
38.9902658036,-76.9368422448,38.9903037156,-76.9367354525,1.0
38.9903037156,-76.9367354525,38.9902716712,-76.9366182500,1.0
38.9902716712,-76.9366182500,38.9901805460,-76.9365712474,1.0
38.9901805460,-76.9365712474,38.9900860341,-76.9365532499,1.0
38.9900860341,-76.9365532499,38.9899951301,-76.9365166597,1.0
38.9899951301,-76.9365166597,38.9899081992,-76.9364786838,1.0
38.9899081992,-76.9364786838,38.9898124952,-76.9364382478,1.0
38.9898124952,-76.9364382478,38.9897203817,-76.9364041087,1.0
38.9897203817,-76.9364041087,38.9896292344,-76.9364337986,1.0
38.9896292344,-76.9364337986,38.9895491110,-76.9365195271,1.0
38.9895491110,-76.9365195271,38.9895012093,-76.9366295094,1.0
38.9895012093,-76.9366295094,38.9894514866,-76.9367313813,1.0
38.9894514866,-76.9367313813,38.9894001314,-76.9368270860,1.0
38.9894001314,-76.9368270860,38.9893109776,-76.9368636822,1.0
38.9893109776,-76.9368636822,38.9892379230,-76.9367927578,1.0
38.9892379230,-76.9367927578,38.9891697898,-76.9367075438,1.0
38.9891697898,-76.9367075438,38.9890923492,-76.9366362563,1.0
38.9890923492,-76.9366362563,38.9890306256,-76.9365320183,1.0
38.9890306256,-76.9365320183,38.9889436990,-76.9365700250,1.0
38.9889436990,-76.9365700250,38.9888995540,-76.9366808107,1.0
38.9888995540,-76.9366808107,38.9888165666,-76.9367498088,1.0
38.9888165666,-76.9367498088,38.9887364556,-76.9368303542,1.0
38.9887364556,-76.9368303542,38.9886937887,-76.9369577962,1.0
38.9886937887,-76.9369577962,38.9886788482,-76.9370801408,1.0
38.9886788482,-76.9370801408,38.9886571942,-76.9372010695,1.0
38.9886571942,-76.9372010695,38.9886643618,-76.9373250760,1.0
38.9886643618,-76.9373250760,38.9886743192,-76.9374465656,1.0
38.9886743192,-76.9374465656,38.9886811128,-76.9375703845,1.0
38.9886811128,-76.9375703845,38.9886830658,-76.9377009337,1.0
38.9886830658,-76.9377009337,38.9886658859,-76.9378276114,1.0
38.9886658859,-76.9378276114,38.9886572709,-76.9379611986,1.0
38.9886572709,-76.9379611986,38.9886628086,-76.9380934740,1.0
38.9886628086,-76.9380934740,38.9886637015,-76.9382194313,1.0
38.9886637015,-76.9382194313,38.9886624497,-76.9383498568,1.0
38.9886624497,-76.9383498568,38.9886412174,-76.9384704879,1.0
38.9886412174,-76.9384704879,38.9885665833,-76.9385487550,1.0
38.9885665833,-76.9385487550,38.9884898061,-76.9386195956,1.0
38.9884898061,-76.9386195956,38.9884084858,-76.9386854270,1.0
38.9884084858,-76.9386854270,38.9883370684,-76.9387625402,1.0
38.9883370684,-76.9387625402,38.9882699559,-76.9388474633,1.0
38.9882699559,-76.9388474633,38.9881846104,-76.9389152723,1.0
38.9925033870,-76.9372205341,38.9925992408,-76.9372277213,1.0
38.9925992408,-76.9372277213,38.9926814891,-76.9372482515,1.0
38.9926814891,-76.9372482515,38.9928026071,-76.9372658525,1.0
38.9928026071,-76.9372658525,38.9928952455,-76.9372693091,1.0
38.9928952455,-76.9372693091,38.9929964163,-76.9372760387,1.0
38.9929964163,-76.9372760387,38.9930870126,-76.9372853559,1.0
38.9930870126,-76.9372853559,38.9931873389,-76.9372864520,1.0
38.9931873389,-76.9372864520,38.9932926792,-76.9372796792,1.0
38.9932926792,-76.9372796792,38.9933915333,-76.9372687675,1.0
38.9933915333,-76.9372687675,38.9934845833,-76.9372286479,1.0
38.9934845833,-76.9372286479,38.9935771075,-76.9372196974,1.0
38.9935771075,-76.9372196974,38.9936751865,-76.9372129309,1.0
38.9936751865,-76.9372129309,38.9937776826,-76.9372076872,1.0
38.9937776826,-76.9372076872,38.9938728669,-76.9372022452,1.0
38.9938728669,-76.9372022452,38.9939751405,-76.9371985898,1.0
38.9939751405,-76.9371985898,38.9940661519,-76.9371722658,1.0
38.9940661519,-76.9371722658,38.9941593437,-76.9371728093,1.0
38.9941593437,-76.9371728093,38.9942574346,-76.9371765561,1.0
38.9942574346,-76.9371765561,38.9943555486,-76.9371802638,1.0
38.9943555486,-76.9371802638,38.9944609975,-76.9371921518,1.0
38.9944609975,-76.9371921518,38.9945577087,-76.9371978076,1.0
38.9945577087,-76.9371978076,38.9946588971,-76.9371965211,1.0
38.9946588971,-76.9371965211,38.9947625832,-76.9372027918,1.0
38.9947625832,-76.9372027918,38.9948538163,-76.9372183088,1.0
38.9948538163,-76.9372183088,38.9949559169,-76.9372483456,1.0
38.9949559169,-76.9372483456,38.9950591587,-76.9372789762,1.0
38.9950591587,-76.9372789762,38.9951511532,-76.9373237408,1.0
38.9951511532,-76.9373237408,38.9952422636,-76.9373804589,1.0
38.9952422636,-76.9373804589,38.9952070578,-76.9374902995,1.0
38.9952070578,-76.9374902995,38.9951257731,-76.9375431915,1.0
38.9951257731,-76.9375431915,38.9950471363,-76.9376108569,1.0
38.9950471363,-76.9376108569,38.9950435876,-76.9377350563,1.0
38.9950435876,-76.9377350563,38.9950387779,-76.9378598429,1.0
38.9950387779,-76.9378598429,38.9950378941,-76.9379883987,1.0
38.9950378941,-76.9379883987,38.9950259939,-76.9381103473,1.0
38.9950259939,-76.9381103473,38.9950087464,-76.9382417924,1.0
38.9950087464,-76.9382417924,38.9950083808,-76.9383703372,1.0
38.9950083808,-76.9383703372,38.9949836338,-76.9384879160,1.0
38.9949836338,-76.9384879160,38.9949613973,-76.9386186183,1.0
38.9949613973,-76.9386186183,38.9949695893,-76.9387458223,1.0
38.9949695893,-76.9387458223,38.9949721640,-76.9388681449,1.0
38.9949721640,-76.9388681449,38.9949678755,-76.9389940859,1.0
38.9949678755,-76.9389940859,38.9949599615,-76.9391200388,1.0
38.9949599615,-76.9391200388,38.9949550610,-76.9392459413,1.0
38.9949550610,-76.9392459413,38.9949493557,-76.9393708320,1.0
38.9949493557,-76.9393708320,38.9949422104,-76.9394934952,1.0
38.9949422104,-76.9394934952,38.9949392530,-76.9396175104,1.0
38.9949392530,-76.9396175104,38.9949408357,-76.9397371126,1.0
38.9949408357,-76.9397371126,38.9949257449,-76.9398559298,1.0
38.9949257449,-76.9398559298,38.9949049646,-76.9399792479,1.0
38.9949049646,-76.9399792479,38.9948833521,-76.9400960578,1.0
38.9948833521,-76.9400960578,38.9948571368,-76.9402166816,1.0
38.9948571368,-76.9402166816,38.9948125556,-76.9403204317,1.0
38.9948125556,-76.9403204317,38.9947327945,-76.9403870106,1.0
38.9947327945,-76.9403870106,38.9947106655,-76.9405074590,1.0
38.9947106655,-76.9405074590,38.9946318917,-76.9405867404,1.0
38.9946318917,-76.9405867404,38.9945361048,-76.9406363024,1.0
38.9945361048,-76.9406363024,38.9944610129,-76.9407198078,1.0
38.9944610129,-76.9407198078,38.9944116862,-76.9408182378,1.0
38.9944116862,-76.9408182378,38.9944297313,-76.9409414069,1.0
38.9944297313,-76.9409414069,38.9944568517,-76.9410521382,1.0
38.9944568517,-76.9410521382,38.9945090561,-76.9411508308,1.0
38.9945090561,-76.9411508308,38.9945842218,-76.9412293610,1.0
38.9945842218,-76.9412293610,38.9946542390,-76.9413175817,1.0
38.9946542390,-76.9413175817,38.9946977499,-76.9414384033,1.0
38.9946977499,-76.9414384033,38.9947262778,-76.9415612841,1.0
38.9947262778,-76.9415612841,38.9947269740,-76.9416876501,1.0
38.9947269740,-76.9416876501,38.9947158741,-76.9418066297,1.0
38.9947158741,-76.9418066297,38.9947005738,-76.9419289313,1.0
38.9947005738,-76.9419289313,38.9946959574,-76.9420608539,1.0
38.9946959574,-76.9420608539,38.9947213194,-76.9421824858,1.0
38.9947213194,-76.9421824858,38.9947848060,-76.9422854035,1.0
38.9947848060,-76.9422854035,38.9948521658,-76.9423639100,1.0
38.9948521658,-76.9423639100,38.9948566017,-76.9424864442,1.0
38.9948566017,-76.9424864442,38.9948487192,-76.9426112954,1.0
38.9948487192,-76.9426112954,38.9948434364,-76.9427276022,1.0
38.9948434364,-76.9427276022,38.9948873198,-76.9428365869,1.0
38.9948873198,-76.9428365869,38.9949186945,-76.9429520318,1.0
38.9949186945,-76.9429520318,38.9949216669,-76.9430759359,1.0
38.9949216669,-76.9430759359,38.9948335304,-76.9431379023,1.0
38.9948335304,-76.9431379023,38.9948567429,-76.9432517594,1.0
38.9948567429,-76.9432517594,38.9948482055,-76.9433726434,1.0
38.9948482055,-76.9433726434,38.9948669243,-76.9434975309,1.0
38.9948669243,-76.9434975309,38.9948455233,-76.9436289116,1.0
38.9948455233,-76.9436289116,38.9948092207,-76.9437562791,1.0
38.9948092207,-76.9437562791,38.9947775287,-76.9438748777,1.0
38.9947775287,-76.9438748777,38.9947735950,-76.9440028817,1.0
38.9947735950,-76.9440028817,38.9947803502,-76.9441250331,1.0
38.9947803502,-76.9441250331,38.9947894564,-76.9442504222,1.0
38.9947894564,-76.9442504222,38.9947060085,-76.9443196665,1.0
38.9947060085,-76.9443196665,38.9946121250,-76.9443513245,1.0
38.9946121250,-76.9443513245,38.9945180077,-76.9443587141,1.0
38.9945180077,-76.9443587141,38.9944242407,-76.9443336956,1.0
38.9944242407,-76.9443336956,38.9943278514,-76.9443522144,1.0
38.9943278514,-76.9443522144,38.9942238446,-76.9443484449,1.0
38.9942238446,-76.9443484449,38.9941316967,-76.9443498190,1.0
38.9941316967,-76.9443498190,38.9940311836,-76.9443444187,1.0
38.9940311836,-76.9443444187,38.9939405815,-76.9443071258,1.0
38.9939405815,-76.9443071258,38.9938531750,-76.9442432901,1.0
38.9938531750,-76.9442432901,38.9937615649,-76.9442427616,1.0
38.9937615649,-76.9442427616,38.9936542290,-76.9442421424,1.0
38.9936542290,-76.9442421424,38.9935559358,-76.9442070737,1.0
38.9935559358,-76.9442070737,38.9934552368,-76.9441827128,1.0
38.9934552368,-76.9441827128,38.9933843514,-76.9441036265,1.0
38.9933843514,-76.9441036265,38.9932881600,-76.9442525700,1.0
38.9932881600,-76.9442525700,38.9931904014,-76.9442385843,1.0
38.9931904014,-76.9442385843,38.9931384897,-76.9443340196,1.0
38.9931384897,-76.9443340196,38.9930415966,-76.9443162373,1.0
38.9930415966,-76.9443162373,38.9929454066,-76.9443133176,1.0
38.9929454066,-76.9443133176,38.9928527001,-76.9442840859,1.0
38.9928527001,-76.9442840859,38.9927691943,-76.9442242774,1.0
38.9927691943,-76.9442242774,38.9926694511,-76.9441985763,1.0
38.9926694511,-76.9441985763,38.9925818225,-76.9441476048,1.0
38.9925818225,-76.9441476048,38.9924905198,-76.9441956939,1.0
38.9924905198,-76.9441956939,38.9924048714,-76.9442577068,1.0
38.9924048714,-76.9442577068,38.9923030505,-76.9443149452,1.0
38.9923030505,-76.9443149452,38.9922143987,-76.9443676176,1.0
38.9922143987,-76.9443676176,38.9921124501,-76.9443924774,1.0
38.9921124501,-76.9443924774,38.9920236357,-76.9444169391,1.0
38.9920236357,-76.9444169391,38.9919345669,-76.9444389446,1.0
38.9919345669,-76.9444389446,38.9918309834,-76.9444365660,1.0
38.9918309834,-76.9444365660,38.9917329439,-76.9444013145,1.0
38.9917329439,-76.9444013145,38.9916739049,-76.9443083235,1.0
38.9916739049,-76.9443083235,38.9916688776,-76.9441769294,1.0
38.9916688776,-76.9441769294,38.9915668441,-76.9441699811,1.0
38.9915668441,-76.9441699811,38.9914996242,-76.9440914902,1.0
38.9914996242,-76.9440914902,38.9914226335,-76.9440150895,1.0
38.9914226335,-76.9440150895,38.9913361455,-76.9440662523,1.0
38.9913361455,-76.9440662523,38.9912355017,-76.9440885992,1.0
38.9912355017,-76.9440885992,38.9911449595,-76.9440585267,1.0
38.9911449595,-76.9440585267,38.9910513113,-76.9440539193,1.0
38.9910513113,-76.9440539193,38.9909574893,-76.9440676137,1.0
38.9909574893,-76.9440676137,38.9908670498,-76.9440706346,1.0
38.9908670498,-76.9440706346,38.9907757803,-76.9440804971,1.0
38.9907757803,-76.9440804971,38.9906880175,-76.9440525308,1.0
38.9906880175,-76.9440525308,38.9906718704,-76.9439345819,1.0
38.9906718704,-76.9439345819,38.9906946258,-76.9438214579,1.0
38.9906946258,-76.9438214579,38.9906889007,-76.9436897024,1.0
38.9906889007,-76.9436897024,38.9906918438,-76.9435680700,1.0
38.9906918438,-76.9435680700,38.9907019920,-76.9434427813,1.0
38.9907019920,-76.9434427813,38.9907105129,-76.9433222091,1.0
38.9907105129,-76.9433222091,38.9907270242,-76.9432052917,1.0
38.9907270242,-76.9432052917,38.9907245955,-76.9430801203,1.0
38.9907245955,-76.9430801203,38.9907296704,-76.9429512403,1.0
38.9907296704,-76.9429512403,38.9907296939,-76.9428270733,1.0
38.9907296939,-76.9428270733,38.9907370199,-76.9426941244,1.0
38.9907370199,-76.9426941244,38.9907230375,-76.9425708439,1.0
38.9907230375,-76.9425708439,38.9907244765,-76.9424514989,1.0
38.9907244765,-76.9424514989,38.9907449975,-76.9423317253,1.0
38.9907449975,-76.9423317253,38.9907263969,-76.9422078562,1.0
38.9907263969,-76.9422078562,38.9907003422,-76.9420861908,1.0
38.9907003422,-76.9420861908,38.9906019109,-76.9420722925,1.0
38.9906019109,-76.9420722925,38.9905059590,-76.9420915958,1.0
38.9905059590,-76.9420915958,38.9904133007,-76.9420895409,1.0
38.9904133007,-76.9420895409,38.9903190533,-76.9420870357,1.0
38.9903190533,-76.9420870357,38.9902263093,-76.9420811019,1.0
38.9902263093,-76.9420811019,38.9901271502,-76.9420909532,1.0
38.9901271502,-76.9420909532,38.9900186207,-76.9421081804,1.0
38.9900186207,-76.9421081804,38.9899195155,-76.9421050959,1.0
38.9899195155,-76.9421050959,38.9898280524,-76.9421198851,1.0
38.9898280524,-76.9421198851,38.9897327219,-76.9421165078,1.0
38.9897327219,-76.9421165078,38.9896353614,-76.9421150614,1.0
38.9896353614,-76.9421150614,38.9895340915,-76.9421009784,1.0
38.9895340915,-76.9421009784,38.9894372507,-76.9421121182,1.0
38.9894372507,-76.9421121182,38.9893677837,-76.9422043104,1.0
38.9893677837,-76.9422043104,38.9893691180,-76.9423239398,1.0
38.9893691180,-76.9423239398,38.9894079317,-76.9424480959,1.0
38.9894079317,-76.9424480959,38.9894565360,-76.9425496238,1.0
38.9894565360,-76.9425496238,38.9894359887,-76.9426666305,1.0
38.9894359887,-76.9426666305,38.9894521011,-76.9427861529,1.0
38.9894521011,-76.9427861529,38.9894490807,-76.9429152902,1.0
38.9894490807,-76.9429152902,38.9894461690,-76.9430379462,1.0
38.9894461690,-76.9430379462,38.9894444848,-76.9431538748,1.0
38.9894444848,-76.9431538748,38.9894414488,-76.9432770705,1.0
38.9894414488,-76.9432770705,38.9894248749,-76.9433944523,1.0
38.9894248749,-76.9433944523,38.9893424476,-76.9434736616,1.0
38.9893424476,-76.9434736616,38.9892774059,-76.9435579370,1.0
38.9892774059,-76.9435579370,38.9891880761,-76.9436092817,1.0
38.9891880761,-76.9436092817,38.9891080615,-76.9436638572,1.0
38.9891080615,-76.9436638572,38.9890250263,-76.9437112617,1.0
38.9890250263,-76.9437112617,38.9889326362,-76.9437565783,1.0
38.9889326362,-76.9437565783,38.9888433067,-76.9438075370,1.0
38.9888433067,-76.9438075370,38.9887827435,-76.9438949642,1.0
38.9887827435,-76.9438949642,38.9887423575,-76.9440020726,1.0
38.9887423575,-76.9440020726,38.9886962047,-76.9441207080,1.0
38.9886962047,-76.9441207080,38.9886743512,-76.9442397325,1.0
38.9886743512,-76.9442397325,38.9886509851,-76.9443658577,1.0
38.9886509851,-76.9443658577,38.9886301731,-76.9444858931,1.0
38.9886301731,-76.9444858931,38.9886905856,-76.9445759844,1.0
38.9886905856,-76.9445759844,38.9886470779,-76.9446876463,1.0
38.9886470779,-76.9446876463,38.9886317746,-76.9448058418,1.0
38.9886317746,-76.9448058418,38.9887342557,-76.9447935261,1.0
38.9887342557,-76.9447935261,38.9885408176,-76.9448433408,1.0
38.9885408176,-76.9448433408,38.9885893068,-76.9448285787,1.0
38.9885893068,-76.9448285787,38.9885895844,-76.9447068897,1.0
38.9885895844,-76.9447068897,38.9885347820,-76.9448038055,1.0
38.9885347820,-76.9448038055,38.9886107069,-76.9447524384,1.0
38.9886107069,-76.9447524384,38.9882994464,-76.9449227144,1.0
38.9882994464,-76.9449227144,38.9883854821,-76.9451187217,1.0
38.9883854821,-76.9451187217,38.9883640679,-76.9452489983,1.0
38.9888068382,-76.9368164614,38.9887687098,-76.9369278148,1.0
38.9887687098,-76.9369278148,38.9887519514,-76.9370539445,1.0
38.9887519514,-76.9370539445,38.9887443775,-76.9371730525,1.0
38.9887443775,-76.9371730525,38.9887237003,-76.9372964904,1.0
38.9887237003,-76.9372964904,38.9886925042,-76.9374170676,1.0
38.9886925042,-76.9374170676,38.9886725636,-76.9375396275,1.0
38.9886725636,-76.9375396275,38.9886679101,-76.9376630613,1.0
38.9886679101,-76.9376630613,38.9886480942,-76.9377871259,1.0
38.9886480942,-76.9377871259,38.9886360085,-76.9379140368,1.0
38.9886360085,-76.9379140368,38.9886328418,-76.9380465030,1.0
38.9886328418,-76.9380465030,38.9886535903,-76.9381645267,1.0
38.9886535903,-76.9381645267,38.9886598578,-76.9382836026,1.0
38.9886598578,-76.9382836026,38.9886537935,-76.9384081855,1.0
38.9886537935,-76.9384081855,38.9886081269,-76.9385146303,1.0
38.9886081269,-76.9385146303,38.9885267567,-76.9385785584,1.0
38.9885267567,-76.9385785584,38.9884451694,-76.9386433539,1.0
38.9884451694,-76.9386433539,38.9883637555,-76.9387198472,1.0
38.9883637555,-76.9387198472,38.9882989716,-76.9388063639,1.0
38.9882989716,-76.9388063639,38.9882229159,-76.9388805486,1.0
38.9882229159,-76.9388805486,38.9881722947,-76.9389929580,1.0
38.9881722947,-76.9389929580,38.9880940684,-76.9390605661,1.0
38.9880940684,-76.9390605661,38.9879918320,-76.9390662830,1.0
38.9879918320,-76.9390662830,38.9878990506,-76.9390543283,1.0
38.9878990506,-76.9390543283,38.9878026628,-76.9390511041,1.0
38.9878026628,-76.9390511041,38.9877125420,-76.9390412035,1.0
38.9877125420,-76.9390412035,38.9876149123,-76.9390244391,1.0
38.9876149123,-76.9390244391,38.9875250001,-76.9389669055,1.0
38.9875250001,-76.9389669055,38.9874158725,-76.9389849250,1.0
38.9874158725,-76.9389849250,38.9873260708,-76.9390201999,1.0
38.9873260708,-76.9390201999,38.9872412880,-76.9390703054,1.0
38.9872412880,-76.9390703054,38.9871562110,-76.9391179459,1.0
38.9871562110,-76.9391179459,38.9870681086,-76.9391530179,1.0
38.9870681086,-76.9391530179,38.9869806174,-76.9392058231,1.0
38.9869806174,-76.9392058231,38.9869255698,-76.9393043858,1.0
38.9869255698,-76.9393043858,38.9869344050,-76.9394226762,1.0
38.9869344050,-76.9394226762,38.9869134572,-76.9395514611,1.0
38.9869134572,-76.9395514611,38.9869180467,-76.9396965043,1.0
38.9869180467,-76.9396965043,38.9869009498,-76.9398196619,1.0
38.9869009498,-76.9398196619,38.9869044396,-76.9399376535,1.0
38.9869044396,-76.9399376535,38.9869164632,-76.9400596126,1.0
38.9869164632,-76.9400596126,38.9868989048,-76.9401901749,1.0
38.9868989048,-76.9401901749,38.9868610815,-76.9403000075,1.0
38.9868610815,-76.9403000075,38.9867740216,-76.9403531429,1.0
38.9867740216,-76.9403531429,38.9866943968,-76.9404179994,1.0
38.9866943968,-76.9404179994,38.9866177371,-76.9404829986,1.0
38.9866177371,-76.9404829986,38.9865456237,-76.9405577530,1.0
38.9865456237,-76.9405577530,38.9865470957,-76.9406795479,1.0
38.9865470957,-76.9406795479,38.9865431730,-76.9407973340,1.0
38.9865431730,-76.9407973340,38.9865395969,-76.9409130590,1.0
38.9865395969,-76.9409130590,38.9865453624,-76.9410290694,1.0
38.9865453624,-76.9410290694,38.9865403388,-76.9411480334,1.0
38.9865403388,-76.9411480334,38.9865437744,-76.9412667669,1.0
38.9865437744,-76.9412667669,38.9865456721,-76.9413855323,1.0
38.9865456721,-76.9413855323,38.9865418674,-76.9415084067,1.0
38.9865418674,-76.9415084067,38.9865418120,-76.9416309619,1.0
38.9865418120,-76.9416309619,38.9865365212,-76.9417513544,1.0
38.9865365212,-76.9417513544,38.9865322731,-76.9418822895,1.0
38.9865322731,-76.9418822895,38.9865361338,-76.9420028769,1.0
38.9865361338,-76.9420028769,38.9865231258,-76.9421316030,1.0
38.9865231258,-76.9421316030,38.9865359527,-76.9422539057,1.0
38.9865359527,-76.9422539057,38.9865301510,-76.9423697340,1.0
38.9865301510,-76.9423697340,38.9865299768,-76.9424918792,1.0
38.9865299768,-76.9424918792,38.9865203749,-76.9426196499,1.0
38.9865203749,-76.9426196499,38.9865150861,-76.9427351897,1.0
38.9865150861,-76.9427351897,38.9865182324,-76.9428551510,1.0
38.9865182324,-76.9428551510,38.9865099126,-76.9429805037,1.0
38.9865099126,-76.9429805037,38.9865135626,-76.9430980452,1.0
38.9865135626,-76.9430980452,38.9865059914,-76.9432194705,1.0
38.9865059914,-76.9432194705,38.9865067968,-76.9433391852,1.0
38.9865067968,-76.9433391852,38.9865093225,-76.9434674389,1.0
38.9865093225,-76.9434674389,38.9865043491,-76.9435892534,1.0
38.9865043491,-76.9435892534,38.9864867171,-76.9437145464,1.0
38.9864867171,-76.9437145464,38.9864964903,-76.9438318746,1.0
38.9864964903,-76.9438318746,38.9864991423,-76.9439602763,1.0
38.9864991423,-76.9439602763,38.9864885383,-76.9440753517,1.0
38.9864885383,-76.9440753517,38.9864712801,-76.9441895725,1.0
38.9864712801,-76.9441895725,38.9864347360,-76.9443048366,1.0
38.9864347360,-76.9443048366,38.9863823866,-76.9444005480,1.0
38.9863823866,-76.9444005480,38.9863042137,-76.9444723035,1.0
38.9863042137,-76.9444723035,38.9862310014,-76.9445576544,1.0
38.9862310014,-76.9445576544,38.9861415383,-76.9445882779,1.0
38.9861415383,-76.9445882779,38.9860495909,-76.9445417845,1.0
38.9860495909,-76.9445417845,38.9859507829,-76.9445502665,1.0
38.9859507829,-76.9445502665,38.9858631124,-76.9445938023,1.0
38.9858631124,-76.9445938023,38.9857621175,-76.9445954824,1.0
38.9857621175,-76.9445954824,38.9856659416,-76.9446046704,1.0
38.9856659416,-76.9446046704,38.9855762125,-76.9446331572,1.0
38.9855762125,-76.9446331572,38.9854990694,-76.9447092833,1.0
38.9854990694,-76.9447092833,38.9854868467,-76.9448365168,1.0
38.9854868467,-76.9448365168,38.9854823513,-76.9449655478,1.0
38.9854823513,-76.9449655478,38.9854889217,-76.9450906576,1.0
38.9854889217,-76.9450906576,38.9855110975,-76.9452060891,1.0
38.9855110975,-76.9452060891,38.9855161412,-76.9453361588,1.0
38.9855161412,-76.9453361588,38.9855127963,-76.9454541689,1.0
38.9855127963,-76.9454541689,38.9855364858,-76.9455775261,1.0
38.9855364858,-76.9455775261,38.9855403971,-76.9456980769,1.0
38.9855403971,-76.9456980769,38.9855423195,-76.9458170496,1.0
38.9855423195,-76.9458170496,38.9855277208,-76.9459419912,1.0
38.9855277208,-76.9459419912,38.9855069464,-76.9460632429,1.0
38.9855069464,-76.9460632429,38.9854906530,-76.9461844751,1.0
38.9854906530,-76.9461844751,38.9854811038,-76.9462995963,1.0
38.9854811038,-76.9462995963,38.9854599194,-76.9464161856,1.0
38.9854599194,-76.9464161856,38.9854562007,-76.9465403908,1.0
38.9854562007,-76.9465403908,38.9854657070,-76.9466714949,1.0
38.9854657070,-76.9466714949,38.9854774898,-76.9467862846,1.0
38.9854774898,-76.9467862846,38.9854007009,-76.9468491474,1.0
38.9854007009,-76.9468491474,38.9853023466,-76.9468303920,1.0
38.9853023466,-76.9468303920,38.9852251497,-76.9467503136,1.0
38.9852251497,-76.9467503136,38.9851412255,-76.9466976930,1.0
38.9851412255,-76.9466976930,38.9850374051,-76.9467247113,1.0
38.9850374051,-76.9467247113,38.9849661257,-76.9468233111,1.0
38.9846145854,-76.9468873404,38.9845223487,-76.9468877761,1.0
38.9845223487,-76.9468877761,38.9844309643,-76.9468756685,1.0
38.9844309643,-76.9468756685,38.9843340397,-76.9468663819,1.0
38.9843340397,-76.9468663819,38.9842405531,-76.9468837916,1.0
38.9842405531,-76.9468837916,38.9841362295,-76.9468860892,1.0
38.9841362295,-76.9468860892,38.9840403506,-76.9468798541,1.0
38.9840403506,-76.9468798541,38.9839443293,-76.9468830145,1.0
38.9839443293,-76.9468830145,38.9838528094,-76.9468808598,1.0
38.9838528094,-76.9468808598,38.9837618913,-76.9468795867,1.0
38.9837618913,-76.9468795867,38.9836702177,-76.9469015347,1.0
38.9836702177,-76.9469015347,38.9835659964,-76.9469130758,1.0
38.9835659964,-76.9469130758,38.9834677034,-76.9469260810,1.0
38.9834677034,-76.9469260810,38.9833736157,-76.9469170265,1.0
38.9833736157,-76.9469170265,38.9832827798,-76.9469263613,1.0
38.9832827798,-76.9469263613,38.9831870993,-76.9469088234,1.0
38.9831870993,-76.9469088234,38.9830905219,-76.9468726974,1.0
38.9830905219,-76.9468726974,38.9829934480,-76.9468563488,1.0
38.9829934480,-76.9468563488,38.9828974482,-76.9468543885,1.0
38.9828974482,-76.9468543885,38.9828052832,-76.9468474277,1.0
38.9828052832,-76.9468474277,38.9827263682,-76.9467854593,1.0
38.9827263682,-76.9467854593,38.9827150089,-76.9466631562,1.0
38.9827150089,-76.9466631562,38.9826961857,-76.9465492071,1.0
38.9826961857,-76.9465492071,38.9827151083,-76.9464262325,1.0
38.9827151083,-76.9464262325,38.9826954306,-76.9463105528,1.0
38.9826954306,-76.9463105528,38.9827076569,-76.9461941489,1.0
38.9827076569,-76.9461941489,38.9827234194,-76.9460701635,1.0
38.9827234194,-76.9460701635,38.9827464528,-76.9459505198,1.0
38.9827464528,-76.9459505198,38.9827674461,-76.9458356902,1.0
38.9827674461,-76.9458356902,38.9828029326,-76.9457211098,1.0
38.9828029326,-76.9457211098,38.9828202620,-76.9456021095,1.0
38.9828202620,-76.9456021095,38.9828431402,-76.9454811920,1.0
38.9828431402,-76.9454811920,38.9828832778,-76.9453657812,1.0
38.9828832778,-76.9453657812,38.9829221618,-76.9452485555,1.0
38.9829221618,-76.9452485555,38.9829529994,-76.9451374433,1.0
38.9829529994,-76.9451374433,38.9829995466,-76.9450376187,1.0
38.9829995466,-76.9450376187,38.9830790012,-76.9449749512,1.0
38.9830790012,-76.9449749512,38.9831711778,-76.9449685828,1.0
38.9831711778,-76.9449685828,38.9832606731,-76.9449925622,1.0
38.9832606731,-76.9449925622,38.9833304140,-76.9450666507,1.0
38.9833304140,-76.9450666507,38.9833930628,-76.9451554060,1.0
38.9833930628,-76.9451554060,38.9834878407,-76.9451965925,1.0
38.9834878407,-76.9451965925,38.9835884772,-76.9452178308,1.0
38.9835884772,-76.9452178308,38.9836791559,-76.9452129083,1.0
38.9836791559,-76.9452129083,38.9837729606,-76.9452026791,1.0
38.9837729606,-76.9452026791,38.9838736064,-76.9452010736,1.0
38.9838736064,-76.9452010736,38.9839640561,-76.9452118579,1.0
38.9839640561,-76.9452118579,38.9840597068,-76.9452373678,1.0
38.9840597068,-76.9452373678,38.9841530145,-76.9452677761,1.0
38.9841530145,-76.9452677761,38.9842455040,-76.9453108786,1.0
38.9842455040,-76.9453108786,38.9843308481,-76.9453540280,1.0
38.9843308481,-76.9453540280,38.9844021320,-76.9454338514,1.0
38.9844021320,-76.9454338514,38.9844648456,-76.9455199128,1.0
38.9850888262,-76.9436836057,38.9850303682,-76.9436044111,1.0
38.9850303682,-76.9436044111,38.9849396089,-76.9436014700,1.0
38.9849396089,-76.9436014700,38.9848419401,-76.9435983050,1.0
38.9848419401,-76.9435983050,38.9847457371,-76.9435951875,1.0
38.9847457371,-76.9435951875,38.9846442861,-76.9435919000,1.0
38.9846442861,-76.9435919000,38.9845537850,-76.9435292330,1.0
38.9845537850,-76.9435292330,38.9844791981,-76.9434444085,1.0
38.9844791981,-76.9434444085,38.9844044438,-76.9433529396,1.0
38.9844044438,-76.9433529396,38.9843380172,-76.9432741497,1.0
38.9843380172,-76.9432741497,38.9842654857,-76.9432031356,1.0
38.9842654857,-76.9432031356,38.9842282950,-76.9431738179,1.0
38.9842282950,-76.9431738179,38.9841467010,-76.9431199536,1.0
38.9841467010,-76.9431199536,38.9840462422,-76.9430810318,1.0
38.9840462422,-76.9430810318,38.9839556249,-76.9430629151,1.0
38.9839556249,-76.9430629151,38.9838547167,-76.9430577801,1.0
38.9838547167,-76.9430577801,38.9837576967,-76.9430631711,1.0
38.9837576967,-76.9430631711,38.9836641960,-76.9430470499,1.0
38.9836641960,-76.9430470499,38.9835630042,-76.9430509568,1.0
38.9835630042,-76.9430509568,38.9834840550,-76.9429928963,1.0
38.9834840550,-76.9429928963,38.9834981057,-76.9428603439,1.0
38.9834981057,-76.9428603439,38.9835073346,-76.9427390188,1.0
38.9835073346,-76.9427390188,38.9835232140,-76.9426171369,1.0
38.9835232140,-76.9426171369,38.9835470205,-76.9425004163,1.0
38.9835470205,-76.9425004163,38.9835928755,-76.9423990241,1.0
38.9835928755,-76.9423990241,38.9836696028,-76.9423100123,1.0
38.9836696028,-76.9423100123,38.9837426508,-76.9422378770,1.0
38.9837426508,-76.9422378770,38.9838271782,-76.9421868386,1.0
38.9838271782,-76.9421868386,38.9839071981,-76.9422545139,1.0
38.9839071981,-76.9422545139,38.9840194211,-76.9423687366,1.0
38.9840194211,-76.9423687366,38.9841216803,-76.9423916192,1.0
38.9841216803,-76.9423916192,38.9842155576,-76.9424155914,1.0
38.9842155576,-76.9424155914,38.9843129134,-76.9424132445,1.0
38.9843129134,-76.9424132445,38.9844075032,-76.9423997496,1.0
38.9844075032,-76.9423997496,38.9844890591,-76.9423425012,1.0
38.9844890591,-76.9423425012,38.9845154621,-76.9423367177,1.0
38.9845154621,-76.9423367177,38.9846065734,-76.9423171040,1.0
38.9846065734,-76.9423171040,38.9846058609,-76.9421852567,1.0
38.9846058609,-76.9421852567,38.9846940805,-76.9422447682,1.0
38.9846940805,-76.9422447682,38.9847523766,-76.9423491229,1.0
38.9847523766,-76.9423491229,38.9848404285,-76.9424088859,1.0
38.9848404285,-76.9424088859,38.9849306178,-76.9424113166,1.0
38.9849306178,-76.9424113166,38.9850249980,-76.9423830696,1.0
38.9850249980,-76.9423830696,38.9851218509,-76.9423875120,1.0
38.9851218509,-76.9423875120,38.9852264570,-76.9424043597,1.0
38.9852264570,-76.9424043597,38.9852859266,-76.9424728398,1.0
38.9870665997,-76.9404437641,38.9869875204,-76.9405128597,1.0
38.9869875204,-76.9405128597,38.9868887379,-76.9405352341,1.0
38.9868887379,-76.9405352341,38.9867951038,-76.9405361573,1.0
38.9867951038,-76.9405361573,38.9866989472,-76.9405050341,1.0
38.9866989472,-76.9405050341,38.9866011473,-76.9404888403,1.0
38.9866011473,-76.9404888403,38.9865101216,-76.9405143971,1.0
38.9865101216,-76.9405143971,38.9864363336,-76.9405894350,1.0
38.9864363336,-76.9405894350,38.9863820692,-76.9406819756,1.0
38.9863820692,-76.9406819756,38.9863206023,-76.9407786506,1.0
38.9863206023,-76.9407786506,38.9862556499,-76.9408765104,1.0
38.9862556499,-76.9408765104,38.9861943193,-76.9409635945,1.0
38.9861943193,-76.9409635945,38.9861259018,-76.9410629326,1.0
38.9861259018,-76.9410629326,38.9860645683,-76.9411549609,1.0
38.9860645683,-76.9411549609,38.9860039972,-76.9412436919,1.0
38.9860039972,-76.9412436919,38.9859226998,-76.9413037556,1.0
38.9859226998,-76.9413037556,38.9858304357,-76.9412961770,1.0
38.9858304357,-76.9412961770,38.9857350721,-76.9412910423,1.0
38.9857350721,-76.9412910423,38.9856291770,-76.9412899588,1.0
38.9856291770,-76.9412899588,38.9855366062,-76.9412828536,1.0
38.9855366062,-76.9412828536,38.9854362238,-76.9412639677,1.0
38.9854362238,-76.9412639677,38.9853443315,-76.9412549813,1.0
38.9853443315,-76.9412549813,38.9853269894,-76.9411242732,1.0
38.9853269894,-76.9411242732,38.9853739161,-76.9410165108,1.0
38.9853739161,-76.9410165108,38.9854421787,-76.9409264086,1.0
38.9854421787,-76.9409264086,38.9854426043,-76.9408016504,1.0
38.9854426043,-76.9408016504,38.9854429951,-76.9406803093,1.0
38.9854429951,-76.9406803093,38.9854434549,-76.9405622915,1.0
38.9854434549,-76.9405622915,38.9854293015,-76.9404372796,1.0
38.9854293015,-76.9404372796,38.9853305803,-76.9403800430,1.0
38.9853305803,-76.9403800430,38.9852359696,-76.9403187217,1.0
38.9852359696,-76.9403187217,38.9851616847,-76.9402456649,1.0
38.9851616847,-76.9402456649,38.9850842101,-76.9401767694,1.0
38.9850842101,-76.9401767694,38.9849857623,-76.9401681610,1.0
38.9849857623,-76.9401681610,38.9848875123,-76.9401660891,1.0
38.9848875123,-76.9401660891,38.9847892662,-76.9401671253,1.0
38.9847892662,-76.9401671253,38.9846985415,-76.9401628033,1.0
38.9846985415,-76.9401628033,38.9846076479,-76.9401906151,1.0
38.9846076479,-76.9401906151,38.9845647390,-76.9403013044,1.0
38.9845647390,-76.9403013044,38.9845924954,-76.9404181458,1.0
38.9845924954,-76.9404181458,38.9846104641,-76.9405378859,1.0
38.9846104641,-76.9405378859,38.9846222497,-76.9406525031,1.0
38.9846222497,-76.9406525031,38.9846250020,-76.9407832529,1.0
38.9846250020,-76.9407832529,38.9846241688,-76.9409099299,1.0
38.9846241688,-76.9409099299,38.9846164107,-76.9410379040,1.0
38.9846164107,-76.9410379040,38.9846085003,-76.9411672832,1.0
38.9846085003,-76.9411672832,38.9846063535,-76.9413009298,1.0
38.9846063535,-76.9413009298,38.9845163924,-76.9413433621,1.0
38.9845163924,-76.9413433621,38.9844266029,-76.9413872677,1.0
38.9844266029,-76.9413872677,38.9843405502,-76.9414577020,1.0
38.9843405502,-76.9414577020,38.9842497080,-76.9415008432,1.0
38.9842497080,-76.9415008432,38.9841514842,-76.9415281689,1.0
38.9822456846,-76.9439390023,38.9823020397,-76.9438262911,1.0
38.9823020397,-76.9438262911,38.9823304640,-76.9437035936,1.0
38.9823304640,-76.9437035936,38.9823497506,-76.9435863827,1.0
38.9823497506,-76.9435863827,38.9823795042,-76.9434546000,1.0
38.9823795042,-76.9434546000,38.9824629473,-76.9433862234,1.0
38.9824629473,-76.9433862234,38.9825744735,-76.9433456477,1.0
38.9825744735,-76.9433456477,38.9825716083,-76.9432293424,1.0
38.9825716083,-76.9432293424,38.9825720464,-76.9430977673,1.0
38.9825720464,-76.9430977673,38.9825727555,-76.9429707219,1.0
38.9825727555,-76.9429707219,38.9825675550,-76.9428524378,1.0
38.9825675550,-76.9428524378,38.9825209510,-76.9427265337,1.0
38.9825209510,-76.9427265337,38.9825210370,-76.9426057951,1.0
38.9825210370,-76.9426057951,38.9824925987,-76.9424918540,1.0
38.9824925987,-76.9424918540,38.9825123626,-76.9423311501,1.0
38.9825123626,-76.9423311501,38.9825311506,-76.9422062514,1.0
38.9825311506,-76.9422062514,38.9825241074,-76.9420904730,1.0
38.9825241074,-76.9420904730,38.9825148028,-76.9419704006,1.0
38.9825148028,-76.9419704006,38.9825101643,-76.9418507223,1.0
38.9825101643,-76.9418507223,38.9824631333,-76.9417424289,1.0
38.9824631333,-76.9417424289,38.9824042976,-76.9416499066,1.0
38.9824042976,-76.9416499066,38.9823496859,-76.9415462227,1.0
38.9823496859,-76.9415462227,38.9822879051,-76.9414607590,1.0
38.9822879051,-76.9414607590,38.9822582590,-76.9413493144,1.0
38.9822582590,-76.9413493144,38.9822159131,-76.9412335121,1.0
38.9822159131,-76.9412335121,38.9821683314,-76.9411148892,1.0
38.9821683314,-76.9411148892,38.9820959229,-76.9410354683,1.0
38.9820959229,-76.9410354683,38.9820365970,-76.9409373805,1.0
38.9820365970,-76.9409373805,38.9819495512,-76.9408838713,1.0
38.9819495512,-76.9408838713,38.9818636140,-76.9408390960,1.0
38.9818636140,-76.9408390960,38.9817565724,-76.9408338554,1.0
38.9817565724,-76.9408338554,38.9816644006,-76.9408276209,1.0
38.9816644006,-76.9408276209,38.9815400982,-76.9408263672,1.0
38.9815400982,-76.9408263672,38.9815143165,-76.9407115282,1.0
38.9815143165,-76.9407115282,38.9814887558,-76.9405954210,1.0
38.9814887558,-76.9405954210,38.9814403854,-76.9404820702,1.0
38.9814403854,-76.9404820702,38.9814269303,-76.9403572827,1.0
38.9814269303,-76.9403572827,38.9815192255,-76.9402927532,1.0
38.9815192255,-76.9402927532,38.9816125036,-76.9402858654,1.0
38.9816125036,-76.9402858654,38.9817092911,-76.9402536736,1.0
38.9817092911,-76.9402536736,38.9818112726,-76.9402453230,1.0
38.9818112726,-76.9402453230,38.9818863698,-76.9403401480,1.0
38.9818863698,-76.9403401480,38.9819782742,-76.9403364817,1.0
38.9819782742,-76.9403364817,38.9820692994,-76.9403296154,1.0
38.9820692994,-76.9403296154,38.9820407182,-76.9402122876,1.0
38.9820407182,-76.9402122876,38.9819689556,-76.9401207941,1.0
38.9819689556,-76.9401207941,38.9819626088,-76.9399744929,1.0
38.9819626088,-76.9399744929,38.9820299791,-76.9398861737,1.0
38.9820299791,-76.9398861737,38.9821222424,-76.9398381261,1.0
38.9821222424,-76.9398381261,38.9822233010,-76.9398009922,1.0
38.9822233010,-76.9398009922,38.9823138310,-76.9398373626,1.0
38.9823138310,-76.9398373626,38.9824057672,-76.9398491461,1.0
38.9824057672,-76.9398491461,38.9824889023,-76.9399092087,1.0
38.9824889023,-76.9399092087,38.9825647048,-76.9399859093,1.0
38.9825647048,-76.9399859093,38.9826519747,-76.9400592659,1.0
38.9826519747,-76.9400592659,38.9827298864,-76.9401258441,1.0
38.9827298864,-76.9401258441,38.9828134121,-76.9401874615,1.0
38.9828134121,-76.9401874615,38.9828797367,-76.9402781802,1.0
38.9828797367,-76.9402781802,38.9828491352,-76.9404061660,1.0
38.9828491352,-76.9404061660,38.9828167727,-76.9405162641,1.0
38.9828167727,-76.9405162641,38.9828728013,-76.9406167569,1.0
38.9828728013,-76.9406167569,38.9829319765,-76.9407164710,1.0
38.9829319765,-76.9407164710,38.9829817377,-76.9408176965,1.0
38.9829817377,-76.9408176965,38.9830337779,-76.9409235121,1.0
38.9830337779,-76.9409235121,38.9830909775,-76.9410215119,1.0
38.9830909775,-76.9410215119,38.9831384008,-76.9411385530,1.0
38.9831384008,-76.9411385530,38.9832025812,-76.9412195974,1.0
38.9832025812,-76.9412195974,38.9832712900,-76.9413059478,1.0
38.9832712900,-76.9413059478,38.9833277457,-76.9414083247,1.0
38.9833277457,-76.9414083247,38.9833802131,-76.9415115515,1.0
38.9853648183,-76.9372626997,38.9854591812,-76.9372890483,1.0
38.9854591812,-76.9372890483,38.9855446026,-76.9372517360,1.0
38.9855446026,-76.9372517360,38.9856365451,-76.9372117842,1.0
38.9856365451,-76.9372117842,38.9857277188,-76.9371727337,1.0
38.9857277188,-76.9371727337,38.9858183877,-76.9371548629,1.0
38.9858183877,-76.9371548629,38.9859125643,-76.9371850772,1.0
38.9859125643,-76.9371850772,38.9859987624,-76.9371380383,1.0
38.9859987624,-76.9371380383,38.9861009759,-76.9370869149,1.0
38.9861009759,-76.9370869149,38.9861888782,-76.9370584428,1.0
38.9861888782,-76.9370584428,38.9862863829,-76.9370425733,1.0
38.9862863829,-76.9370425733,38.9863808854,-76.9370279021,1.0
38.9863808854,-76.9370279021,38.9864491439,-76.9369471464,1.0
38.9864491439,-76.9369471464,38.9865262327,-76.9368656460,1.0
38.9865262327,-76.9368656460,38.9866215376,-76.9368747470,1.0
38.9866215376,-76.9368747470,38.9866962980,-76.9369558225,1.0
38.9866962980,-76.9369558225,38.9867561146,-76.9370620938,1.0
38.9867561146,-76.9370620938,38.9868048021,-76.9371701518,1.0
38.9868048021,-76.9371701518,38.9868375379,-76.9372826780,1.0
38.9868375379,-76.9372826780,38.9868907567,-76.9373797334,1.0
38.9868907567,-76.9373797334,38.9869099152,-76.9375012588,1.0
38.9869099152,-76.9375012588,38.9868504100,-76.9375948471,1.0
38.9868504100,-76.9375948471,38.9867720637,-76.9376528498,1.0
38.9867720637,-76.9376528498,38.9866822723,-76.9377077759,1.0
38.9866822723,-76.9377077759,38.9865858345,-76.9376811436,1.0
38.9865858345,-76.9376811436,38.9864929722,-76.9376583520,1.0
38.9864929722,-76.9376583520,38.9864036986,-76.9376127435,1.0
38.9864036986,-76.9376127435,38.9863173877,-76.9376548552,1.0
38.9863173877,-76.9376548552,38.9862144679,-76.9376580925,1.0
38.9862144679,-76.9376580925,38.9861254523,-76.9376761466,1.0
38.9861254523,-76.9376761466,38.9860857505,-76.9377903710,1.0
38.9860857505,-76.9377903710,38.9860903910,-76.9379075347,1.0
38.9860903910,-76.9379075347,38.9860949351,-76.9380288931,1.0
38.9860949351,-76.9380288931,38.9861072711,-76.9381455586,1.0
38.9861072711,-76.9381455586,38.9862057391,-76.9381605732,1.0
38.9862057391,-76.9381605732,38.9862967705,-76.9382107417,1.0
38.9862967705,-76.9382107417,38.9863752247,-76.9382832308,1.0
38.9863752247,-76.9382832308,38.9864346352,-76.9383791899,1.0
38.9864346352,-76.9383791899,38.9864825186,-76.9384784593,1.0
38.9864825186,-76.9384784593,38.9865585120,-76.9385494764,1.0
38.9865585120,-76.9385494764,38.9865821446,-76.9386732424,1.0
38.9865821446,-76.9386732424,38.9865840997,-76.9387988581,1.0
38.9865840997,-76.9387988581,38.9865836514,-76.9389276223,1.0
38.9865836514,-76.9389276223,38.9865822982,-76.9390540814,1.0
38.9865822982,-76.9390540814,38.9866739975,-76.9390667857,1.0
38.9866739975,-76.9390667857,38.9867666934,-76.9390810439,1.0
38.9867666934,-76.9390810439,38.9868647135,-76.9390719485,1.0
38.9868647135,-76.9390719485,38.9869537734,-76.9390352609,1.0
38.9869537734,-76.9390352609,38.9870355403,-76.9391047987,1.0
38.9870355403,-76.9391047987,38.9871266760,-76.9391039469,1.0
38.9871266760,-76.9391039469,38.9872229427,-76.9390753464,1.0
38.9872229427,-76.9390753464,38.9873170806,-76.9390408160,1.0
38.9873170806,-76.9390408160,38.9872269765,-76.9390998270,1.0
38.9872269765,-76.9390998270,38.9871376631,-76.9391394825,1.0
38.9871376631,-76.9391394825,38.9870484501,-76.9391800847,1.0
38.9870484501,-76.9391800847,38.9869571566,-76.9392227206,1.0
38.9869571566,-76.9392227206,38.9869545500,-76.9393525475,1.0
38.9869545500,-76.9393525475,38.9869401528,-76.9394668546,1.0
38.9869401528,-76.9394668546,38.9869284285,-76.9395900558,1.0
38.9869284285,-76.9395900558,38.9869065373,-76.9397136637,1.0
38.9869065373,-76.9397136637,38.9869266878,-76.9398308305,1.0
38.9869266878,-76.9398308305,38.9869325533,-76.9399567800,1.0
38.9869325533,-76.9399567800,38.9868792368,-76.9400501518,1.0
38.9868792368,-76.9400501518,38.9867877853,-76.9400602058,1.0
38.9867877853,-76.9400602058,38.9866885338,-76.9400645912,1.0
38.9866885338,-76.9400645912,38.9865931641,-76.9400681610,1.0
38.9865931641,-76.9400681610,38.9864943764,-76.9400689764,1.0
38.9864943764,-76.9400689764,38.9864511120,-76.9399594923,1.0
38.9864511120,-76.9399594923,38.9864627965,-76.9398327314,1.0
38.9864627965,-76.9398327314,38.9864575384,-76.9397027347,1.0
38.9864575384,-76.9397027347,38.9864074979,-76.9395986763,1.0
38.9864074979,-76.9395986763,38.9863107982,-76.9395858315,1.0
38.9863107982,-76.9395858315,38.9862171930,-76.9396234390,1.0
38.9862171930,-76.9396234390,38.9861178706,-76.9396278703,1.0
38.9861178706,-76.9396278703,38.9860189252,-76.9395821409,1.0
38.9860189252,-76.9395821409,38.9859395751,-76.9395231397,1.0
38.9859395751,-76.9395231397,38.9858469853,-76.9395481560,1.0
38.9858469853,-76.9395481560,38.9857611907,-76.9395851775,1.0
38.9857611907,-76.9395851775,38.9856765442,-76.9396320052,1.0
38.9856765442,-76.9396320052,38.9855880297,-76.9396853632,1.0
38.9855880297,-76.9396853632,38.9855387555,-76.9398060056,1.0
38.9855387555,-76.9398060056,38.9855350026,-76.9399377956,1.0
38.9855350026,-76.9399377956,38.9855107645,-76.9400567530,1.0
38.9855107645,-76.9400567530,38.9854136465,-76.9400957760,1.0
38.9854136465,-76.9400957760,38.9853128903,-76.9401018465,1.0
38.9853128903,-76.9401018465,38.9852306006,-76.9400418697,1.0
38.9852306006,-76.9400418697,38.9851616650,-76.9399391194,1.0
38.9851616650,-76.9399391194,38.9850883129,-76.9398653082,1.0
38.9850883129,-76.9398653082,38.9850125373,-76.9397803208,1.0
38.9850125373,-76.9397803208,38.9849273385,-76.9397148717,1.0
38.9849273385,-76.9397148717,38.9848406925,-76.9396473121,1.0
38.9848406925,-76.9396473121,38.9847560538,-76.9395899739,1.0
38.9847560538,-76.9395899739,38.9846583992,-76.9395322226,1.0
38.9846583992,-76.9395322226,38.9845860259,-76.9394512874,1.0
